id,n_antivm,has_dep,has_aslr,has_gs,has_tls,has_code_integrity,susp_dbg_ts,n_yara_rules
a32adfcbc76af59ccff1be8e16b167f2,0,0,0,-1,1,-1,-1,0
a344afac8b5fd61bd3d51d6b2b8a9816,0,0,0,-1,0,-1,-1,0
a3567a7194f7a795e60f03d8e1ef18f7,0,0,0,-1,0,-1,-1,0
a36728d5ee5e2eb229d133c4a146ce12,1,1,1,1,1,1,1,0
a3942c1457baa036f10b464dc241795c,1,1,1,1,1,1,1,0
a3a581e66075644b24288e2403fdad44,0,0,0,-1,0,-1,-1,0
a3aaea176a458aa9c18cdf5259316285,1,1,1,1,1,1,1,0
a3e75fb369a607f7436692bc3dd731ed,1,1,1,1,1,1,1,0
a4459a0c18b4b66113ebb2870851279d,1,0,0,-1,0,-1,-1,0
a459a35b29c263fb66aad45e396dc2c4,0,0,0,-1,0,-1,0,0
a459c2deb52139cd05050ffd765b1c63,0,0,0,-1,0,-1,-1,0
a459ffb3cb33aaba2648d3c2cc53b43b,0,0,0,-1,1,-1,-1,0
a4781815d1fb83709d21248e2562b8ff,0,0,0,-1,0,-1,-1,0
a48222c2caf02dda96a931e6d4c5b3f4,0,0,0,-1,1,-1,-1,0
a486a243e6f939c0250ec61bfa4d9809,1,1,1,1,0,1,-1,0
a4b7193d162c64ba482ebc3b8bcb3469,1,1,1,1,1,1,1,0
a4f11656398ab773e6b7f400ab3cd337,1,1,1,1,1,1,-1,4
a51789bbc39df8d8da4508bc829f84ff,0,0,0,-1,0,-1,-1,0
a52060e9f9188bff61931f6d7643629f,1,1,1,1,1,1,0,0
a54c6c14eaff9faa0df47868fba67f57,0,0,0,-1,0,-1,-1,0
a54edd154057745bf756efbcf94a441f,0,0,0,-1,0,-1,-1,0
a570d7caaa536f6264520d92b98136be,1,1,1,1,1,1,0,0
a58573565f0043ee6966ee55cf192e0e,0,0,0,-1,1,-1,-1,0
a58939280d5c7fc0917aec7107750426,1,1,1,1,1,1,1,0
a59286511ced788633b7f8f2ba39f84a,1,1,1,1,1,1,1,0
a5a8be8d56b91594fc65b1cefe625767,0,0,0,-1,0,-1,-1,0
a5a926ce52b1592e6d6a554cc6891186,1,1,1,1,1,1,1,0
a5b4bb844b610427d6bab847a81d6bbe,1,1,1,1,1,1,1,0
a5b880afa0771572d2cf15b873725fc7,0,0,0,-1,0,-1,-1,0
a5bdc6e8ce6336f4cc2138ce818e41b5,0,0,0,-1,0,-1,-1,0
a5df79c2d4af125bc84f99f226f95ea4,1,1,1,1,1,1,0,0
a61fe00e883caf93ab3c8fe75a918778,0,0,1,1,0,1,0,0
a629797aa5529f2978a1f87e95150456,0,0,0,-1,0,-1,-1,0
a6319c6837fd249953c89a1a46146819,1,1,1,1,1,1,1,0
a64973bb9bceb9b24c48b0c7df9336bd,0,0,0,-1,1,-1,-1,3
a65e035e16d1fae92a7a782e0c565972,0,0,0,-1,1,-1,-1,0
a666558f5b65f2fedb01c59748455b7a,0,0,0,-1,0,-1,-1,0
a68dec1b2cbc641b8c53c3dc2f3048fe,0,0,0,-1,0,-1,-1,0
a69e8eab7a3c7fde29f30657cef2f93a,0,0,0,-1,0,-1,-1,0
a6c124b89247351e0090c17efa9680e2,1,1,1,1,1,1,1,0
a6d48f4a34db5eb9c92d6717189f3b35,1,1,1,1,1,1,1,0
a6f1b6db77333431f218e0713391d3b1,0,0,0,-1,0,-1,-1,0
a6f4d8a7748a31ba21ef0fea32669920,1,1,1,1,1,1,-1,3
a6fa2f6803b604e04b4b79ba40814b09,1,1,1,1,1,1,1,0
a707cbad174b7924f1e79ccd0b8caea6,1,0,0,-1,0,-1,-1,0
a717b61bc25f21c7a62e64fc7ba68a95,1,1,1,1,1,1,0,0
a73b5460fb3935cc07b1c2e15b76a95c,0,0,0,1,0,1,0,0
a744d1b842b8167f2fd1354383892d50,0,1,0,-1,0,-1,-1,0
a75519a52d1c93836df5cc19f5796f4e,0,0,0,-1,0,-1,-1,0
a77a0cdcaed5187f1c7cf16e55fc844d,0,0,0,-1,1,-1,-1,0
a77bd1b3109b97bbcb9991e67fe99393,1,1,1,1,1,1,1,0
a78c502a81875787367a1a48da03b80a,1,1,1,1,1,1,0,0
a79eb740c20060edb67c3d95aa3ae47b,1,1,1,1,1,1,0,0
a7b8c99b23a4249d7639a24dc69de5fb,1,1,1,1,1,1,0,0
a7c5d9ed87733ad2895046d5ed3a9775,0,0,0,-1,0,-1,-1,0
a7cbd1d3be141b8c71c4dcef27e2aaf0,0,0,0,-1,0,-1,0,0
a7df6467fa0820ae613ee807f1defc3b,0,0,0,-1,0,-1,0,0
a7e3b7811ec5decf72f53921e53a4944,1,1,1,1,1,1,1,0
a7fc4b1fd7f2b78a3a394b4556529a01,0,0,0,-1,0,-1,-1,0
a8141f1e663c29d33b47573a653aa8ad,1,1,1,1,1,1,1,0
a81664f4acf5b760c4e1c3c603162f1c,1,1,1,1,1,1,-1,3
a818abefab48064270df03142721199f,0,0,0,-1,0,-1,-1,0
a81bdb52b37ea3ff56538b9d89e252d1,0,1,1,1,0,1,-1,0
a826f220ae665307134befc047b8d883,1,1,1,1,1,1,-1,3
a83b552feb58d49853a5b12280e012a9,1,1,1,1,1,1,1,0
a83ef4981c59cc13190b038d4232263b,0,0,0,-1,0,-1,-1,0
a8641f1f822d9e47122d722536fb9cfd,1,1,1,1,1,1,1,0
a86881a1c7fad6f793c366308ee4ab2b,0,0,0,-1,0,-1,-1,0
a8e25ad84e108e55b9c9b5964f6ded13,0,0,0,-1,0,-1,0,0
a8e30301703df9936657204dd92d657c,1,1,1,1,1,1,1,0
a91b64bcbafda55e5120378a6172117f,0,0,1,1,0,1,-1,0
a920e163c38f1ddea656f36b4e449f23,0,0,0,-1,1,-1,-1,0
a9288c31a83a36b000fe9787d78bc88c,0,0,0,-1,0,-1,-1,0
a958a1fb12d1d10f710dea5147616e10,0,0,0,-1,1,-1,-1,0
a9716a0ed9c96b3cdd99d8d48a4bf4a6,1,1,1,1,1,1,0,0
a98f4eac304cbb5dd718ab4b3ad818b1,0,0,0,-1,0,-1,-1,0
a9ba942b657237960876260dc02762b3,0,0,0,-1,0,-1,-1,0
a9d7d9fc1baf507f5fb92caf2acefa5b,1,1,1,1,1,1,1,0
a9d97a1b93b270bab6120f9168781ca1,0,0,0,-1,0,-1,-1,0
a9e27862a06a9d3fa8aa621f50ea583e,1,1,1,1,1,1,1,0
a9fd6df804390f2a30e7f5846751531f,0,0,0,-1,0,-1,-1,0
aa09df47e55b14c4574550f57af955a7,1,1,1,1,1,1,0,0
aa5545dc312ed6672a6769aba8a307a8,1,1,1,1,1,1,1,0
aa70f62e752d9a6bea1bbee69d136ca4,0,1,1,1,0,1,0,0
aa814e963b96c495529672c6adf7a8e4,0,0,0,-1,0,-1,-1,0
aa85ad0bc635865ce34526fe4a4f3e01,0,0,0,-1,0,-1,-1,0
aa878aca119d156a4275948086e0b20a,1,1,1,1,1,1,1,0
aaa4091ca51e9fcebf66b1bbdb5170b7,0,0,0,-1,1,-1,-1,0
aade5cfe6cd291470d8640a6efbdf5f1,0,0,0,-1,0,-1,-1,0
aaeea1a12387e9c8601c1a1bbdebc9c2,0,0,0,-1,0,-1,-1,0
aaffb9b843d4aedff85d8dd29309e930,1,0,0,-1,1,-1,-1,0
ab2289507a1a140949a20b4fc2f11362,0,0,0,-1,0,-1,-1,0
ab25b1b3145776259cb8242389af5b23,1,1,1,1,1,1,0,0
ab45856817809c10beec74edea28c256,1,1,1,1,1,1,0,0
ab4596ee66ebb043f9b13b91b204a2f7,0,0,0,-1,0,-1,-1,0
ab69ce37bdeadb55aeabec767bc0df9b,1,1,1,1,1,1,1,0
ab6a3086c98785a5f102a87a9136679d,0,0,0,-1,0,-1,-1,0
ab71a3f84b045ee6a4d34ec225f7e5c3,1,1,1,1,1,1,0,5
ab75b50a23cebace67511564e8f8f57f,0,0,0,-1,0,-1,-1,0
ab81bb5721e1323f620d0a117ee7ca21,0,1,1,1,1,1,-1,0
aba69214702423a0cdc98d8cb194ff8a,0,0,0,-1,0,-1,-1,0
abab1f2ad0d93274ff7c31e37e723929,0,0,0,-1,0,-1,-1,0
abbf3bdae2f5e416ea4f515e6f6e34ff,1,1,1,1,1,1,1,0
abd94cba0cb748d62aec2f7912a6aed2,0,0,0,-1,0,-1,-1,0
abe02a59f5111df3b3f0e613701ebeca,0,0,0,1,0,1,0,0
abebea15306e30fa06df22c0bb1c26ac,1,1,1,1,1,1,0,0
ac00d68db75b7a83cfc3ff45955c4906,1,1,1,1,1,1,1,0
ac081aa75a6074b483563e1123622cc4,0,0,1,1,0,1,-1,0
ac1f3a5e0b5b04f5fc2b72628f863b36,0,0,0,-1,1,-1,-1,0
ac236154321dcd6a4c59688b58982b44,0,0,0,-1,1,-1,-1,0
acae1beecf5bf5e17710c7c2624cb216,1,1,1,1,1,1,0,0
acb1723ada8a785d7aa6a5c236922296,1,1,1,1,1,1,1,0
acd18b884327c1144b0facdc767e3860,0,0,1,0,0,1,0,0
acd23c0b54db2659df8d18eaa5c96b5d,0,0,0,-1,0,-1,-1,0
acec6c771861a97fbbb502863dc52e4b,1,0,0,-1,1,-1,-1,0
acf4f432bfe32a1aa77f628d4a18579c,0,0,0,-1,0,-1,-1,0
ad219a1600aa4bbb551a68d5ea23021c,1,1,1,1,1,1,1,0
ad2ba2ba24b10e0c9dcf8b2a7fd4d901,1,1,1,1,1,1,1,0
ad53a44f3cf9bcd685b396eac4e712eb,1,1,1,1,1,1,0,0
ad94a9e11d8167f8d6e0e5e6f75f4735,1,1,1,1,1,1,1,0
ad9a18e65e41a08fbd0dea9ab9635f87,0,0,0,-1,1,-1,-1,0
ad9c1a2fac1735d87803907e85011c49,0,1,1,-1,0,-1,-1,0
adc5e86658248eaaf26050a7948b486f,1,1,1,1,1,1,1,0
add0ccaf77ce760d07bdbdf595aa3f9e,0,1,1,1,0,1,-1,3
addf20de157286361166df2f98ce1ef7,0,0,0,-1,1,-1,-1,0
ade7f34f09fe06b7a1c8c267543b6900,0,0,0,-1,0,-1,-1,0
adf03738ebd6bad568dbd795aed0ef0c,1,1,1,1,1,1,0,0
adfa9746a1a6cd36c53870bed4c808ff,0,0,0,-1,0,-1,-1,0
ae2ce454cbd01585b3e6ee16fec32f53,0,0,0,-1,1,-1,-1,0
ae32019722d0241e454b584ac49f3255,0,1,1,1,0,1,-1,0
ae356b2fceb2d67690003864d4f4a213,0,0,0,-1,0,-1,-1,0
ae35f058e0492f60b517140530da372d,0,1,1,1,0,1,0,0
ae38db461823ce75816f92bb96b6067d,0,1,1,-1,0,-1,0,0
ae426b247249e8afe7ef6ae2d561bfd5,1,1,1,1,1,1,1,0
ae4b9ec52b759925b2812a379eb92bd0,0,1,1,-1,0,-1,-1,0
ae72b37d4a7eb140a2a1a33561276d79,0,0,0,-1,0,-1,-1,0
ae929844a7d896504d28e07a38b17e8a,1,1,1,1,1,1,-1,3
aea23121d8865c6816cf57fca7511e68,0,0,0,-1,0,-1,-1,0
aec7c1ab41ef17ac813c85297ca6f8d6,0,1,1,1,0,1,-1,0
aec7cbf62dbabe44424dcda17a045c04,0,0,0,-1,1,-1,-1,0
aeca2acb20a69439a71f4cfd891aae1c,1,1,1,1,1,1,0,0
aed2f6382e905a4e48720d577b10db0a,0,0,0,-1,0,-1,-1,0
aed6bf558d81bb526170121edc0720cb,0,0,0,-1,0,-1,-1,0
aeda422dea68284af07028a3f43f141d,1,1,1,1,1,1,1,0
aef56dcc62f5eb49e03f2ea8a3f61813,1,1,1,1,1,1,1,0
af0df9a16e466354c136f4757b7cc019,0,0,0,-1,1,-1,-1,0
af1d2215180823010667fffa95c6ce5e,0,0,0,-1,1,-1,-1,0
af2a3c24f0db4b9bd12f1a8a1ac2b1be,0,0,0,-1,0,-1,-1,0
af32a95c66b9db4442b0e86f5d71b789,0,0,0,-1,0,-1,-1,0
af8a96797235085157072e0b61e143df,0,0,0,-1,1,-1,-1,0
af956d47797bef432c1c32dfb2b41794,1,1,1,1,1,1,1,0
afca58f7ac9b5e99ff29de8a09b61450,1,1,1,1,1,1,0,0
afd7148bcfb77f1ff626e6d2f35d2a37,1,1,1,1,1,1,1,0
afe7dddbaea6b59c7dba784ccc9aa2f7,0,0,0,-1,0,-1,-1,0
affac979bb630cf0cf052d13f08cf703,0,0,0,-1,0,-1,-1,0
b005a6f5eae34a7c6c1290ae58b48c06,0,0,0,-1,0,-1,-1,0
b0274b9ea5cb46fe6cdb8d5881e8ad40,0,0,0,-1,1,-1,-1,0
b02e1e1c014ac6f939de87471f93254a,0,0,0,-1,1,-1,-1,0
b04886da7c51837c9343d72d41b2bf00,1,1,1,1,1,1,0,5
b0567cf97293b3322d96faa38e3dc074,0,0,0,-1,1,-1,-1,0
b080fbb63ede14f821453b7a39df697d,0,0,0,-1,1,-1,-1,0
b0b91204463c943717377312cd4083f3,0,0,0,-1,0,-1,-1,0
b0cd9de6a48425b6f24e34f6c48e5e50,0,0,0,-1,0,-1,-1,0
b0d779ec73815ca6fb79825530c60e58,1,1,1,1,1,1,1,0
b0dea39e42eb4c0447de45a4ea5d0785,1,1,1,1,1,1,1,0
b0e3fe001cf844e3e021ee644f1a0177,0,0,0,-1,0,-1,-1,0
b0edd6263dcc71f04da1a2121e9c00ee,0,0,0,-1,0,-1,-1,0
b0f1981c0816a5cc296a921efb9a3ee8,0,0,0,-1,0,-1,-1,0
b126d04b2f54d156f3b63f5565225596,0,0,0,-1,1,-1,-1,0
b15d6b76fcc3a15e8e2fd312ddfeac8e,0,0,0,1,0,1,-1,0
b1a65d11b3c516817037b1878b19c94e,0,0,0,-1,0,-1,-1,0
b1cb73c89ef7366b74385ef5ec22d7ea,1,1,1,1,1,1,1,0
b1e28ae23ede9957b3fb976e362c0fc3,1,1,1,1,1,1,0,0
b1e57b0ad55a457c35af3b982de5c106,1,1,1,1,1,1,1,0
b1ea7453ccd5645de4b55d10d2ed036a,0,0,0,-1,1,-1,-1,0
b224c0af2fc325f81402c059a3d1cac7,0,0,0,-1,0,-1,0,0
b226e9146fd6981a0554707f908e660c,1,1,1,1,1,1,1,0
b247895ea57f628e63f34b00a3930319,1,1,1,1,1,1,1,0
b2556cdfd4c7b398985542e2d8779e3c,0,0,0,-1,0,-1,-1,0
b26d3398e5dd8c45795eac3d63f435db,0,0,0,-1,0,-1,-1,0
b29b418dffd15c3858eb30fa6a194537,0,0,0,-1,0,-1,-1,0
b29c07df2b55185da59d28f83588912c,0,0,0,-1,0,-1,-1,0
b2ac031a69bfca32ccbc023ee8377bd6,0,1,1,-1,0,-1,0,0
b2bf5d6c943823c4dc17d2b40d3459b0,1,1,1,1,1,1,1,0
b2eb47e7b8d67bae07ab22d30e042236,0,0,0,-1,0,-1,-1,0
b2f324fd6f2c1c78da97893a5de45f24,1,1,1,1,1,1,1,0
b31105c21d2edb10d384c4203045a58e,0,0,0,-1,0,-1,-1,0
b3162927872289a53adbf28193c9b3c1,0,0,0,-1,0,-1,-1,0
b336623f8f63980c29f2383068708487,0,0,0,-1,1,-1,-1,0
b3460d98941a7fcd910fc8d44018e28a,0,0,0,1,0,1,-1,0
b35bed582b62824c4b33fcfba05db00c,0,0,0,-1,0,-1,-1,0
b37e5c8afaed9e01d9ef4fa2ecdc1599,1,1,1,1,1,1,0,0
b38aba1b1501988edd208e3b19d31b6f,0,0,0,-1,0,-1,-1,0
b3b823e461ad2898e0d3ae4d394e72e8,0,0,0,1,0,1,-1,0
b3cc685c9a6bf96a86a55688847973ea,0,0,0,-1,0,-1,-1,0
b3d4da5d057174dff9d0e9cb274904cb,0,0,0,-1,1,-1,-1,0
b3d7b049a42baa8162403b06bb3118cd,0,0,1,1,0,1,-1,0
b3d9170f57341f2c6d1e53c8bf5a7e9c,0,0,0,-1,0,-1,-1,0
b3f2b2ca2dd613e956c915ce164823e9,0,0,0,-1,0,-1,-1,0
b40975b989baf36183a26beb638f3e07,1,1,1,1,1,1,0,0
b445dc09b074c2c9c3a2ce4f0cbf799c,0,0,0,-1,0,-1,-1,0
b458fe8f6f9b20b10811676a03cc41ec,0,0,0,-1,1,-1,-1,0
b460e4b7b0d5b8b664967fbb5c18f19b,0,0,0,-1,0,-1,-1,0
b4657391ef407f77ddd0ffdf59a477df,0,0,0,1,0,1,0,0
b46bc0326a253f87e63f91c304667810,0,0,0,-1,0,-1,-1,3
b47db8b119b479e377094e254c7ea1cb,1,0,0,-1,0,-1,-1,0
b495c862210b4d1e0d42b6e1b001b50f,0,0,0,-1,0,-1,-1,0
b4d8d1c831153b59a290518ab36c5c2a,0,1,1,1,0,1,-1,0
b4ff7e33d2902018acfcd6f76aec7084,0,0,0,-1,0,-1,-1,0
b500a98ce587d2dcce3e2648fc8a32c0,0,0,0,-1,1,-1,-1,0
b5011640b6e303caaf050b1494b4bd7c,0,0,0,-1,0,-1,-1,0
b5051bd6bbd156564e05cba65d1e4620,1,1,1,1,1,1,1,0
b50e19137c8b69a9f49494e798344627,0,0,0,-1,0,-1,-1,0
b54371500e65fe7e5943d790de48adc3,1,1,1,1,1,1,0,6
b5624718be0a5d579d53c5b82edee4b9,0,1,1,-1,0,-1,-1,0
b56d63a3f11b611e9b9ef3dc5aa8d421,0,1,1,-1,0,-1,-1,0
b57737c7fee84e3d2fa028d7aa8d6e4f,1,1,1,1,1,1,0,0
b578d27a21da69ae3d571da68d32b1da,0,0,0,-1,0,-1,-1,0
b58c795dc5a802574aab443c045cb9c0,0,0,0,-1,0,-1,-1,0
b5a63bccfcf1774aadd4311364d9991d,1,1,1,1,1,1,1,0
b5a809dd7b4b0578f0e117dd91ef7e3d,0,0,0,1,0,1,-1,0
b5b65b2a4a86c81cd9835b269dc27c35,1,1,1,1,1,1,1,0
b5baa543629dc36560e2d87a065c71a2,0,0,0,-1,1,-1,-1,0
b5d47c8eb0a8ecd318858c40862cd68e,1,0,0,-1,1,-1,-1,3
b61aa70110aa78245538372273961f21,0,0,0,-1,0,-1,-1,0
b623711941222bfb1f3ce31ca7609b6b,1,1,1,1,1,1,0,0
b62e55f88b7ffd6351ff48fc92b0840e,0,0,0,-1,1,-1,-1,0
b632addcf86173ace8f67fd2e08f4630,1,1,1,1,1,1,0,0
b648a8ccd002a270a6e3bb6f29ac792d,0,0,0,-1,1,-1,-1,0
b64969b5c3f554f63e60b86cbe79355a,0,0,0,-1,1,-1,-1,0
b66dc8a118ab05dda582b0404fc0b730,0,0,0,-1,0,-1,-1,0
b67cfc9d03dcc0fb98de82c61576698a,0,0,0,-1,0,-1,-1,0
b67e723cd574bda1234bd9823ea05d69,0,0,0,-1,1,-1,-1,0
b68b31eb8645c24a763bb67d0e71da81,1,1,1,1,1,1,0,0
b6dfa7bccdbb04eab9d2638ab81d9275,0,0,0,-1,0,-1,-1,0
b71b954ad0708da247375ea52532f640,0,0,0,-1,0,-1,0,0
b72551529333c359c93ca158d6a63c8e,0,0,0,-1,0,-1,0,0
b72b069aa2f73caae914cae7d25d4426,0,1,1,1,1,1,-1,0
b734bede9db2d3e53a81526f7397768a,1,1,1,1,1,1,0,0
b73a9799b69a393c3562886a7bc0ed01,0,1,1,1,0,1,-1,0
b73b7f11ab93d93af2f0f073e7f922b7,1,1,1,1,1,1,1,0
b7433ab53e8d95cf0649089196a7c832,0,0,0,-1,0,-1,-1,0
b755c883d6c6fd1714279c3f65ba9f8a,0,0,0,-1,0,-1,-1,0
b7595b54329ae92f34178f382fbc9cb9,1,1,1,1,1,1,-1,3
b78e21e351af6949eb275b10e3c9b066,0,0,0,-1,1,-1,-1,0
b7997337b9bd6dc46349f6acd3cd8b29,1,0,0,-1,0,-1,-1,0
b7b9baff4b06f08aa0f373da428af909,1,1,1,1,1,1,1,0
b7c01b180f60acfaec2e7e0611d48e08,0,1,1,1,1,1,-1,0
b7c6f823d263dc271347a8b3b6e42781,0,0,0,-1,0,-1,-1,0
b7e9dd58b9312b43d39a2351fcf1d80f,0,0,0,-1,0,-1,-1,0
b801cb0915e7ca1d464e8e9e4a3fb51e,0,0,0,-1,0,-1,-1,0
b81ea9d45f63677a33ca51c5c5d8104d,0,1,1,-1,0,-1,0,0
b82df67c946db0a2a3124c9dea0ce08c,0,0,0,-1,0,-1,0,0
b830a676cabfdb2faa8b5ac867181d07,0,0,0,-1,0,-1,-1,0
b841c78fdc35223eda6f97631a94e8ce,1,1,1,1,1,1,1,0
b84d4671eb4eb0e83bbc6d69c5338e59,0,0,0,-1,0,-1,-1,0
b85be60b782b6379343617280741901b,0,0,0,-1,0,-1,-1,0
b87c230e675c2a43e82c176246927d4d,0,0,0,-1,0,-1,-1,0
b87d771635bea848ec7895b8457d52f8,1,0,0,-1,1,-1,-1,4
b88038d6b3760e395d140cbd91b834ae,0,0,0,-1,1,-1,-1,0
b8864b3d24773fb4c0b1c73ad9cd95d1,0,0,0,-1,0,-1,-1,0
b886cc189467cb75000e4ecb710a00d2,0,0,0,-1,0,-1,-1,0
b8951d3ba3d9f8153faa92d4f39f833f,0,0,0,-1,1,-1,-1,0
b8ab7eb5268851c416baa08239f51964,1,1,1,1,1,1,1,0
b8ae2625f41827abda0984830dd5293b,0,0,0,-1,0,-1,-1,0
b8fce1415b5ee4f4d85c12b3198fdf73,0,0,0,-1,0,-1,-1,0
b8fd39a601826af0053138e36c6acd5b,0,0,0,-1,0,-1,-1,0
b91ccdf9c5109e89cb2820acd88f80ca,0,0,0,-1,0,-1,-1,0
b928e3d01940dc63665a7e986593ffb5,0,0,0,-1,0,-1,-1,0
b96c8dae0d55ad5dd82d8ad7a58884a6,1,1,1,1,1,1,1,0
b9807382e5f1770f1d3de221c2f75b20,0,0,0,-1,0,-1,-1,0
b98ec8c147e3006c7806ae667fae712e,1,1,1,1,1,1,0,0
b99045137f10c48c1a9a260485984180,0,0,0,-1,0,-1,-1,0
b99181d553a52a7ab32f8459e70b5e62,0,0,0,-1,1,-1,-1,0
b99a37bb8ad5c406a05e783c68a8e756,1,1,1,1,1,1,1,0
b9a23f0eed2b02071710d11a46c639da,1,1,1,1,1,1,1,0
b9aba402fdf253041c49a168778408ae,0,0,0,-1,0,-1,0,0
b9b3e7f19be87606556eba0ab635bb30,0,0,0,-1,0,-1,-1,0
b9b99374a2e3a45c32d397f98cd859e8,0,0,0,-1,0,-1,-1,0
b9bb44184dbd4b59cf424f6aafdf0826,0,0,0,-1,0,-1,-1,0
b9d72d795bc5cf96b423cc0086d74c05,0,1,1,-1,0,-1,-1,0
ba08be8e678ae23c94dc4ce7ad1f158a,0,0,0,-1,0,-1,-1,0
ba169ee8ed66edc4f31071fe49dce16f,0,0,0,-1,0,-1,-1,0
ba2b9f76914367d5e34b59dbd077bcd1,0,0,0,-1,0,-1,-1,0
bab0d16351d33da9f742d82ea3d5b018,0,0,0,-1,0,-1,-1,0
babf970875d56b0066bd1881d2111295,0,1,0,-1,0,-1,-1,0
badb0a8e8145db0478ba9148c1cf49aa,0,1,1,1,0,1,-1,0
bade51e631b6b92eb5f8806c65f723fd,0,0,0,-1,0,-1,-1,0
bae80f0ef4210fdd127672ec5cd2a00f,1,1,1,1,1,1,0,5
bb0f6b8d47bc12e4551ac052b2016bc0,0,0,0,1,0,1,-1,0
bb16c9180cffc5fc780901b3aac9c9a3,0,1,1,-1,0,-1,0,0
bb21a0a0fb1f756c6ba2528bc815ef2d,1,0,0,-1,0,-1,-1,0
bb2987a88bb6bc80d43ae2907da590da,0,1,1,1,0,1,-1,0
bb2d22cfda1d3be13306b75a2714c7ba,0,0,0,-1,0,-1,-1,0
bb3ca53ddb7e8991f04697f0e786aab0,0,1,1,1,1,1,0,0
bb3e7894ed2d9cca975f22cc3b5d04cc,0,0,0,-1,1,-1,-1,0
bb7289c5dab839488cf37e5818004a43,0,0,0,-1,0,-1,-1,0
bb7b492bbcc741b84ff93015f19870c1,1,1,1,1,1,1,0,0
bb87de3207a56f36e9864a1f37d6c7f8,0,0,0,-1,1,-1,-1,0
bb9e1501cf386dbe1d87e3804dc1366e,0,0,0,-1,1,-1,-1,0
bba8c969974328f00a2195e91a335847,0,0,0,-1,1,-1,-1,0
bbb124340363d84c31d2d948196c340b,0,1,1,-1,0,-1,0,0
bbb5e13ba10712ea2fbcccaca77f29c2,0,1,0,-1,0,-1,-1,0
bbc0997d88252e413bc92ec4139b1c63,0,0,0,-1,0,-1,-1,0
bbcd6a13fc4f544b78b5ae7c249c29ea,0,0,0,-1,0,-1,-1,0
bbda14f3a93c9185cba7fe2acf826856,0,0,0,-1,0,-1,-1,0
bbdb885051e9fb8bfc0ce2fbcfc106df,0,0,0,-1,0,-1,-1,0
bbf6823e45c00524ffa5f70427dffc2e,0,0,0,-1,0,-1,-1,0
bbf8b39a84f0d16b379e968580287968,0,0,0,-1,0,-1,-1,0
bc2f95b92da3057405c715e84b8728a9,0,0,0,-1,0,-1,-1,0
bc35556cbfeaa96f54ee7458c4b09c35,0,0,0,-1,0,-1,-1,0
bc3a420471acd207143463271b2ea2a1,0,0,0,-1,0,-1,-1,0
bc3ed3433161afb550c79a9db6e7be5d,0,1,1,1,1,1,0,0
bc5451d6c64a5eb458736e75422d58d1,0,0,0,-1,1,-1,-1,0
bc5b52fe7958153dd214401a7fb8305c,1,1,1,1,1,1,-1,3
bc61938945b56c8aad7b1588360d31f1,0,0,0,-1,0,-1,-1,0
bc8bed395f090c117553f361378cf7da,0,1,1,1,0,1,-1,0
bc8ea78b1152431a03fd958de587969e,0,0,0,-1,1,-1,-1,0
bcbe2e60f0867b8e4a0c5daedcf94302,0,0,0,-1,1,-1,-1,0
bccad333ed105725af76ce72cc5f1239,1,1,1,1,1,1,-1,0
bceac4937e8f6cb2db73693fe4f73433,0,1,1,-1,0,-1,-1,0
bcfc8029f6b1eacde3dd2410394e3567,0,0,0,-1,0,-1,-1,0
bd0617fb5b779313ac3fec9585f2401e,0,1,1,1,0,1,-1,0
bd28c58b2aa830241f63efb04101709d,0,1,1,-1,0,-1,-1,0
bd2feb0e24040c985de33e1f16f0176b,0,0,0,-1,0,-1,-1,0
bd5db809a2980d70435545a7fcf7c09a,0,0,0,-1,0,-1,-1,0
bd7f5ce93ab2dc10c783c7a8ab111d6c,0,0,0,-1,0,-1,-1,0
bda981c80c2b032606a7088b1608b9e8,0,0,0,-1,0,-1,-1,0
bdab6728c5c7ca260d72745e0aa8c755,0,0,0,-1,1,-1,-1,0
bdbb694cef6e89bf09de96e94ff22aac,0,0,0,-1,0,-1,0,0
bdbf9b0f7a317ab6a338f573110369f0,0,1,1,1,0,1,-1,0
bdbffd80a2b15b3bb9faefdbfb445fc6,0,0,0,-1,0,-1,-1,0
bddd535d9c63927dcd975b3307b73d79,0,0,0,-1,0,-1,-1,0
be08a2741e2e1828e1a512e56b196534,0,0,0,-1,0,-1,-1,0
be0bd37b6497bb37b1ecc49b5fcf1c6d,0,0,0,-1,0,-1,-1,0
be1cba7962735319f7f082b95ad1635d,0,0,0,-1,0,-1,-1,0
be32cc5bf075bb97537e46bf605acdec,0,0,0,-1,0,-1,-1,0
be71ff29c028503157cb5fc683e2ac91,0,0,1,1,0,1,-1,0
be8d803066d57982a12a2c752fc859ea,0,0,0,-1,0,-1,-1,0
beb497ef316e57414f7dac81a9354464,1,1,1,1,1,1,1,0
befadab42ec72a4c5dac8886e277908f,0,0,0,-1,0,-1,-1,0
bf2487c9e0944cc53acbf907ce67f82f,1,1,1,1,1,1,1,0
bf2eb453d4db3e431f398f2477acc691,0,0,0,-1,0,-1,-1,0
bf38b11494ff9b596add9880fb916e2e,0,0,0,-1,0,-1,-1,3
bf433bce56eb7b84d89a02d143990753,0,0,0,-1,0,-1,-1,0
bf9ca7927a49cf211cc39b3760d7ca8e,0,0,0,-1,0,-1,0,0
bfe47b01b9b5ac52de6780b23d77fded,1,1,1,1,1,1,0,0
c002020c862a037c88c23a0447433214,0,1,0,-1,0,-1,0,0
c01693899b28b366ff8dc669054a1eb0,0,0,0,-1,0,-1,-1,0
c02ce04782088f4d9a84b454224fc1c1,1,0,0,-1,0,-1,-1,0
c0449275dab0743b4174984cf59397ef,1,1,1,1,1,1,1,0
c0500a872272e7458494d6947b03ae9e,0,0,0,-1,0,-1,-1,0
c095b6d187381a6f4274580f7a979046,0,0,0,-1,1,-1,-1,0
c0b873ec34f2d38b4843718d6128f11b,0,0,0,-1,0,-1,-1,0
c0df98731e69a9108e84404017b78f93,0,0,0,-1,0,-1,-1,0
c0f07c72a8c882c5607fb2801c5b1400,0,0,0,-1,0,-1,-1,0
c10eb01fc527ae8e53ef3deb6eba78e8,0,0,0,-1,1,-1,-1,0
c11dbf55499ddd7b40d3fb7ff75a10f4,1,1,1,1,1,1,0,0
c178bb02d4191889f4498fbfc46389d1,0,0,0,-1,0,-1,-1,0
c17b9cb12e9b7affef3fb5a756914100,1,1,1,1,1,1,1,0
c19c70f6d8d110d88477919228b41e14,1,1,1,1,1,1,-1,3
c1c13031c57558a382d103332929ee5e,0,0,0,-1,0,-1,-1,0
c1dee6fc7883ffe21cbfeaea1fde68e1,1,1,1,1,1,1,1,0
c1dff09620ee779ed9387d12309e86a7,1,1,1,1,1,1,0,0
c1e7b2690ffdb6d743298f766b49a686,0,0,1,1,0,1,-1,0
c1ee8177ac0f8abe5efdc231d0a030c7,1,1,1,1,1,1,0,0
c22e220f758acff45a39ea7d50642f15,0,0,0,-1,0,-1,-1,0
c22f46a899dfd1edbdbee15fff30e5a2,0,0,0,-1,0,-1,-1,0
c23aebd8aa3548fc73822a61473b06a7,1,0,0,-1,1,-1,-1,0
c25c4fd6c2106ab6d11eb30169d4ebda,0,0,0,-1,0,-1,-1,0
c25e9a0fc3aef7d3138f41598caf803c,0,0,0,-1,0,-1,-1,0
c292bc1f95e72100a6d571b71fbfca02,0,1,0,1,0,1,0,0
c2a3b68dfddac43f863d4cace0527b58,0,0,0,-1,0,-1,-1,0
c2a699c977d5bf5f8ef37cc8a94dc202,0,0,0,-1,0,-1,-1,0
c2b4d71e5310572f3985e917a0a326cb,0,0,0,-1,0,-1,-1,0
c2c82a3f41f6c9a7ead76679f47f86dc,0,0,0,-1,0,-1,-1,0
c2cab0b85a46c62904c59c9cd517674e,0,0,0,-1,1,-1,-1,0
c2e901870f81c1ca05d1615d0b2222ef,0,0,0,-1,0,-1,-1,0
c2f800500d623c46efcef2d25e395c1e,1,1,1,1,1,1,1,0
c30ca4d628dc90a28a0cacdfb7741207,0,0,0,-1,0,-1,-1,0
c32dfc971fe924ac4c6f8bebec059d07,1,1,1,1,1,1,0,0
c34bc9e7986cbe2939792f60393b21b5,0,0,0,-1,0,-1,-1,0
c351631ae4a338c083b4bd6ab78f6e35,0,0,0,-1,1,-1,-1,0
c38161b2512047a5f981ddac98eb5314,0,0,0,-1,0,-1,-1,0
c3822cf03ff758c7d0d1b52509a27492,0,0,1,1,0,1,-1,0
c38f47f7a5e4a4e6de346f8cbee823a4,1,0,0,-1,0,-1,-1,0
c39999ee84ad382f365b7fdfd1c1d39d,0,0,0,-1,1,-1,-1,0
c39ce25418bccaa74764acba13e1537a,0,1,1,1,0,1,0,0
c3c241cb09a6b61f26989026dcda67e3,1,1,1,1,1,1,1,0
c3c5b7e2f32b8b0f601f808b4ad2e7ae,1,1,1,1,1,1,1,0
c3fd72ca280fed99b92979de5024e8f6,1,1,1,1,1,1,-1,4
c41b080b48491a852a0208d80a966a7a,0,0,0,-1,0,-1,-1,0
c4367ce03c271ab5545e439e731ba02c,0,1,1,1,0,1,0,0
c4386b7ba81be5ecf35ed47c3f7bed50,0,0,0,-1,0,-1,-1,0
c445ade6f06a5d71d2c3d06c86f78260,0,0,0,-1,0,-1,-1,0
c448a0a7e0098e58e7e9c1185c71f680,0,0,0,-1,0,-1,-1,0
c4c31c36dd7312e670c95e8dbb401aad,0,0,0,-1,1,-1,-1,0
c4ccb03e035b4fa594fccfce0832b6aa,1,1,1,1,1,1,0,0
c4fce0d4fa75e06722bd0108e9270309,0,0,0,-1,0,-1,-1,0
c5122576ce3e685297c175dbd243084b,0,0,0,-1,1,-1,-1,0
c5160aa821bee68c7c17d0b5b475b6e7,0,0,0,-1,0,-1,-1,0
c51edf5bde6359a180b933c7efac8004,0,1,1,1,0,1,-1,0
c548bb0a09895d050606d324c829b833,0,0,1,1,0,1,-1,0
c56837b2e6aa17cc791b08da274226d1,1,1,1,1,1,1,0,0
c569b38441c125e4e15b15f0fcfd3baf,1,1,1,1,1,1,0,0
c582b84f9c741dfdbe0335c11dbc8732,0,0,0,-1,0,-1,-1,0
c5effcef12177311521246d1b2368885,1,1,1,1,1,1,0,0
c6056b87bdbc0602cadaffe0c60c2ba5,0,0,0,-1,0,-1,-1,0
c612249621f484114a6a1e1985a36f48,0,1,1,1,0,1,-1,0
c62083b2f6cb130376f025aef270f1ea,0,0,0,-1,0,-1,-1,0
c62cc236c8238fcb497231a365e53521,0,0,0,-1,0,-1,-1,0
c657ef0393e4072714ded6805b6c1a63,0,0,0,-1,0,-1,-1,0
c680791d802a7676a4790d4194e7ecbc,0,0,0,-1,1,-1,-1,0
c6b22ef3892b86f164024c1d6d360408,0,0,0,-1,0,-1,0,0
c6bdb48bae6cc34ed7301d4b48cf060a,0,0,0,-1,0,-1,-1,0
c6c429e6280d70b1a26ea208ff5faef9,0,0,0,-1,1,-1,-1,0
c6d177d3151c64113e44c2b0408058ab,1,1,1,1,1,1,1,0
c6d2abd24b610167d3d8e25db77c625d,0,0,0,-1,0,-1,-1,0
c6e8740ff91d99fd5b253205dd458741,1,1,1,1,1,1,0,0
c709a7dcdc83e140d639d4295b96d3df,1,1,1,1,1,1,0,0
c7169e5424bfe610e2ec234df6cf8a55,0,0,0,-1,0,-1,-1,0
c71ca9e14fa83b3d8c7ee8a5aa37c829,0,0,0,-1,0,-1,-1,0
c73d8c128d6b1651d7c0a4d2647a2f43,0,0,1,1,0,1,-1,0
c76f99e756e1225c3d3e16948d7a90e5,0,0,0,-1,1,-1,-1,0
c79adb36380964def390f5c444a9f0cc,0,0,0,-1,0,-1,-1,0
c7a15d6a3f86d70028a577ab9d23a345,0,0,0,-1,1,-1,-1,0
c7ac5759297976f077fdf28fad6a322d,1,0,0,-1,1,-1,-1,4
c7bcc5cea18ff748a1739d58d95ad3a7,1,1,1,1,1,1,0,0
c7ea343d7a8c57b9875527ba58f95a33,0,0,0,-1,1,-1,-1,0
c7ec7a55c7faf07abe2a45242b2c503f,0,0,0,-1,0,-1,-1,0
c810878d68ed2d0d6daf251b26a5ec66,0,0,0,1,0,1,-1,0
c817044cd1e671dfe443b155bcab023c,0,1,1,1,0,1,0,0
c8247e94b90ddaeca102ab905c625f4a,1,1,1,1,1,1,0,0
c82be0af8e328d324947444a4b07293f,1,1,1,1,1,1,0,0
c84573bec40ef29f8ae0d081660d8816,0,0,0,-1,1,-1,-1,0
c84ec3e4f4dbd4813debb1fe133c8509,1,1,1,1,1,1,-1,3
c851e3c97a66f99c5fac3c8c88ceeb3f,0,0,0,-1,0,-1,-1,0
c855947c476e06e5c26b9163fb245905,0,1,1,1,0,1,-1,0
c85f54af16c7042405699c4627bd202e,1,1,1,1,1,1,0,0
c869950f1cc5461305002e9e407d6af7,0,0,0,-1,0,-1,-1,0
c886ef17b4ec8486bfb9a33e1864fd63,0,0,0,-1,0,-1,-1,0
c887cd32d23eaf0d096836aacb545aea,1,1,1,1,1,1,0,0
c88d5d120fdaf76ecb42dbbb2be3e79f,1,1,1,1,1,1,0,0
c89482a990e9f74c9c15f7e69b1a0beb,0,0,0,-1,0,-1,-1,0
c8b2331029ba50077eaebb0dc809124a,0,0,0,-1,0,-1,-1,0
c8c0034094ed099562f1dd1f555a4c45,0,0,0,1,0,1,0,0
c8c124a0c513376c9a54ce3a8ad3bb48,0,0,0,-1,1,-1,-1,0
c8cfcd85705a8237ee50c19a085c3dc9,1,1,1,1,1,1,0,0
c8e943774e7f450a1f87d4a5231853ee,1,1,1,1,1,1,0,1
c8f59f98a4d14b0ba80e831ab6abf398,0,0,0,-1,1,-1,-1,0
c906cab2f9ec4a3b2790994767220863,1,1,1,1,1,1,0,0
c90d4c7dc50969c92e40f4576d1ba441,0,0,0,-1,0,-1,-1,0
c951180026a71438057144051aa86406,0,0,0,-1,0,-1,-1,0
c989db2cea3dc57ad0f8e10a1d881611,0,0,0,-1,0,-1,-1,0
c99171de7a35802f4ad93b8ec94510e0,0,0,0,-1,0,-1,-1,0
c99cad31fba77e0b6cb6f575a191fc9b,0,0,0,-1,1,-1,-1,0
c9de450a657c1be8f769537c493161e5,0,0,0,-1,0,-1,0,0
c9ec0f98e3b3b1ec03acfd5590b0c9f9,1,1,1,1,1,1,0,0
ca0103124acd79decf03d51be615b253,0,0,0,-1,0,-1,-1,0
ca5b1821eb30bcd89316b731a6044576,1,1,1,1,1,1,1,0
ca645b67b46d5c5e35cf0e2bb9bc77a4,0,0,0,-1,0,-1,-1,0
ca7464de3a07b5c91b4c785cc1b5e04b,0,0,0,-1,0,-1,0,0
ca84cba14ee15af0744ebad90d7af83e,0,0,0,-1,1,-1,-1,0
ca8ad42af6dfaccf2faa918e3d8e351d,0,0,0,-1,0,-1,-1,0
caa1ce19e3f776ddea376453f727ade5,1,1,1,1,1,1,1,0
caaefe75c0fe3ef97640a3f527465eeb,1,1,1,1,1,1,0,5
cab50f75c28c171484c9251ce62cc6c1,0,0,0,-1,0,-1,-1,0
cab72950f46e3a23eb5be7e7cee4efb3,0,0,0,-1,0,-1,-1,0
cacd8e26bd8fddb8bdaf8d385ce2fca1,0,0,0,-1,0,-1,-1,0
caf18b27bc548ed325273864a94e8124,0,1,0,1,0,1,-1,0
cb1598bc79742254dc401582331a1c1b,0,0,0,-1,0,-1,-1,0
cb22b163a8796525827ee3c0c928b4ae,0,0,0,-1,0,-1,-1,0
cb2944963666989990b6ce19c9382e55,1,1,1,1,1,1,1,0
cb5ff58884aff624e82c9a18ca51fddf,0,0,0,-1,0,-1,-1,0
cb67165e0ac4ec6aa63d2183f8c26a22,0,1,1,1,0,1,0,0
cb77ddba69592baa0433e0ed603a9b53,0,1,1,1,1,1,-1,0
cb97999d66faa632d8d0a6c84e2fb197,0,0,0,-1,0,-1,0,0
cb9e591b3520a7031d92b30fa0883ab8,1,1,1,1,1,1,1,0
cbc0118a0499e174711ae458c2d52601,0,0,0,-1,1,-1,-1,0
cbcebb3e3216bd294f5b48ca91a26a05,0,0,0,-1,0,-1,-1,0
cbd19d9970f28456e66fd6c1469c0cbb,1,1,1,1,1,1,-1,3
cbfa8894542cd0ad6fdd08fd11aa642b,0,1,0,1,0,1,0,0
cbff1c3dc17ba2b9423b72bf8980ab3f,0,0,0,-1,0,-1,-1,0
cc1b56e58e44f9353389c8bc5f723cd0,1,0,0,-1,0,-1,-1,0
cc38730069c631f0f82d6458b89f75f8,0,0,0,-1,0,-1,-1,0
cc9cfccc8e54a04951a1838c28b615a4,0,0,0,-1,0,-1,-1,0
ccadd51301a7074e6fd1dbea7d67cf57,0,1,1,1,0,1,-1,0
cd0f4a2341668b31f764b97b125d6f0a,0,0,0,-1,0,-1,-1,0
cd147199eb3f51cb7098be725b1d923c,0,0,0,-1,1,-1,-1,0
cd38fde6dd0d9713f7b53693e20cecdb,0,0,0,-1,0,-1,0,0
cd5d42c8bfc7dc87fb463d1d29f7c79f,0,0,0,-1,0,-1,-1,0
cd5da58716968a89b90a22b695693bb5,0,0,0,-1,1,-1,-1,0
cd6385fad83b92850d9805ca88144df6,1,1,1,1,1,1,1,0
cd680233ef730350df800d0068f4e36b,0,1,1,-1,0,-1,-1,0
cd70ad10e9523205954e0f5351040e57,0,0,0,-1,0,-1,-1,0
cda6433136d848ebc06da573ec2fc4ff,1,1,1,1,1,1,0,0
cdad0ff243b93657ce1e10e5dbecc3e7,0,0,0,-1,0,-1,-1,0
cddac0ecab05f85b977832cfc4547d5d,0,0,0,-1,0,-1,-1,0
cde9f433c72f6ec92acf6cf358e4ec50,0,0,0,-1,0,-1,-1,0
cdf96fdd993e10f457129d6bde0e9913,0,0,0,-1,0,-1,-1,0
ce0725cf809341c51a5d84340451406e,0,0,0,-1,0,-1,-1,0
ce3340c572741eae66ebf82ec1ec0289,0,0,0,-1,0,-1,-1,0
ce36fe780e3cbaf17b5e32818ae954ed,0,0,0,-1,1,-1,-1,0
ce3977fe7ae03c26e567644a8838a2b6,1,1,1,1,1,1,0,0
ce3b30beb04bf695353e4d92d1e52839,1,1,1,1,1,1,1,0
ce5c27425d95f9fe4bce99982915c5e4,1,1,1,1,1,1,0,0
ce7782d70d430f61de56bb7056b1c2fc,0,0,0,-1,0,-1,-1,0
cea79ce6bffa5aab05a03068def40657,0,0,0,-1,0,-1,-1,0
ceab8896a928d647ccc78846aee1a90c,0,0,0,-1,0,-1,-1,0
cee357bc2add5ec697aee39d0182e5ab,0,0,0,1,0,1,0,0
ceea4d4b41624870ddf8ac3a908312d1,0,0,0,-1,0,-1,-1,0
ceeb7086e8ad6ee4a01ce102cc6c1b95,1,1,1,1,1,1,1,0
cef45b11e867eeb67140453d7c8cb339,0,1,1,-1,0,-1,0,0
cf1518f6c2ef090ffb08cdcdb55a5fdd,1,1,1,1,1,1,1,0
cf31d9e302ec06af98853a0f9626de27,0,0,0,-1,0,-1,-1,0
cf49b7639ae7d4c3decb1ebcc69edaa5,1,1,1,1,1,1,1,0
cf5f3da8ac049f54b87c324b9d01adf1,0,1,1,1,0,1,-1,3
cf69dfa52f60d2ee9f61fb78ab15b567,1,1,1,1,1,1,-1,0
cf85c82f6651cd4073a3bd60e9913b15,0,0,0,-1,0,-1,-1,0
cf8e612f265d63aac0f2d0073ccefbdd,0,0,0,-1,1,-1,-1,0
cf971a630ab1d3023fb166dfcee93dc2,0,0,0,-1,0,-1,-1,0
cfa528dbbdbc7037659f6a76ffc7bd0e,0,0,0,-1,0,-1,-1,0
cfc15dce9de1651dcf7483dc9dd31738,1,1,1,1,1,1,-1,3
cfee1fa668ec992ac30dfecb60b20e48,0,0,0,-1,0,-1,-1,0
d01e99a301107cf21221a69e654b011d,0,0,0,-1,1,-1,-1,0
d01f5c3c2dbd387ca684529e58d2cac1,0,0,0,-1,0,-1,-1,0
d020de5282222946d837f54da59627c2,0,0,0,-1,0,-1,-1,0
d02243ced092b4b07edb8a445c15c500,0,0,0,-1,0,-1,-1,0
d043d778f75b3f5e6ab340f6f1042465,0,0,0,-1,0,-1,-1,0
d0a6b32ef09254b37613ed028a05aa3b,0,0,0,-1,0,-1,-1,0
d0b02c32ed55196099f07ac87aec85e8,0,0,0,-1,1,-1,-1,0
d0b2a0b2575c7ec06bdebd0be0ec630e,0,0,0,-1,0,-1,-1,0
d0b3e67c4bc92cd08308c105f7dc41e5,0,1,1,1,0,1,0,0
d0d54fc216f0553000d1d97c06cdb522,1,1,1,1,1,1,1,0
d10cf142db4268ab93a1f3804b442f5f,0,1,1,1,0,1,0,0
d12fdd99ee4a796336fe661273e285b7,0,0,0,-1,0,-1,-1,0
d13f4c91df6f1a7f4806da5342794317,0,0,0,-1,0,-1,-1,0
d171fd95127d734cc91fa7e3581aab5e,0,0,0,-1,0,-1,-1,0
d17edb374ef97282881d40738871d34c,0,0,0,-1,0,-1,-1,0
d1b185437a61e9f05ba76e6caf4940f2,1,1,1,1,1,1,0,0
d1b6731abcf3abbcd5bcdf0564c19ad1,0,0,0,-1,1,-1,-1,0
d1d4609a60c7b40ad5b28ad1653d99f5,0,0,0,-1,0,-1,-1,0
d1e00b14192541a27fb58bd839e211b2,1,1,1,1,1,1,0,0
d1f7f383cc8207725bc646debc57591b,0,0,0,-1,0,-1,-1,0
d2091b71a90bc850b5fb2612243e08c4,0,1,0,-1,0,-1,-1,0
d2283f8683479bde57a8dce987e79651,1,1,1,1,1,1,1,0
d22b476d8a8c11ed1906bf1645ed119a,1,0,1,-1,0,-1,-1,0
d23875e3805c75e2b1a000ceb7b611ab,1,1,1,1,1,1,0,0
d23eb380d5a59157e251211ccae404cf,0,0,0,1,0,1,-1,0
d260f7824801fc5d60550129d9a463ba,1,1,1,1,1,1,1,0
d27612cff012c9f959abf2e53d0c992b,0,0,0,-1,1,-1,-1,0
d27a169d9c66640d3bff0f5cc9296de1,1,1,1,1,1,1,1,0
d2924d71f9862ffead3a743c45681b4e,0,0,1,-1,0,-1,-1,0
d29965f6c79f182b551d139fba3322c2,1,1,1,1,1,1,1,0
d2c170ebc1454380ed9939212b632138,0,0,0,-1,0,-1,-1,0
d2cd1316bda6f234f6ecf9b5a106f420,0,0,0,-1,0,-1,-1,0
d2e5a3bf1d7b7a2a7c59a9cee685b2b9,1,1,1,1,1,1,1,0
d2e6a4f0a03e8663cb578c9bdb4d2db0,0,0,0,-1,1,-1,-1,0
d2ecc73740ecaf5c3d0fef9ed338b31c,1,1,1,1,1,1,-1,4
d305bd079527b81f13c8de5b2fff41f4,0,0,0,-1,0,-1,-1,0
d30e80f58b397e791602acfe4c3fb955,0,0,0,-1,0,-1,-1,0
d326e7c8016d8842d9572f77bc4c71a3,0,0,1,1,0,1,-1,0
d349bc803e35375d96df225be3ad7508,0,1,0,-1,0,-1,-1,0
d352cad6a5d41682d6ee267cc12974e1,0,0,0,-1,1,-1,-1,0
d3805cf2ecafb11e205c963bf3b69718,0,1,1,-1,0,-1,0,0
d388879e0fabdc1147fc1b75104f1746,1,1,1,1,1,1,1,0
d39d1a24f6ac9102ea512a4af5944e6c,1,1,1,1,1,1,1,0
d3bc09fd2dba3c8b6607ae3ed3b99360,0,0,0,1,0,1,0,0
d3c4ab7b156163c4c11e6742e84e3417,0,0,0,-1,0,-1,-1,0
d3eb4e4cc5166e376762f729264e56ad,1,1,1,1,1,1,1,0
d3f3aeac7d92b01e52585ec32a0986d6,0,0,0,-1,1,-1,-1,0
d414954c4e196905fd3119b0c88c993e,0,0,0,-1,0,-1,-1,0
d4374b1d295545e82e44656950e9683c,0,1,1,-1,0,-1,-1,0
d4448d64bd10cd641c4a3adc29541951,0,0,0,-1,1,-1,-1,0
d45715e54dd7ba66d926575d2234b63a,0,0,0,-1,0,-1,-1,0
d49db44a7059e52edc97e49b50fe32a4,0,0,0,-1,0,-1,-1,0
d4a2aaee2aba0020cd114e13f1f573d7,1,1,1,1,1,1,1,0
d4a8e06a9772671a9f11ce0d7e191e31,1,1,1,1,1,1,1,0
d4cfe5f22f3fb326f6c4f51b33c50e9b,0,1,1,1,0,1,-1,0
d4ddcf043d85e68472a96858b70dd072,0,0,0,-1,1,-1,-1,0
d4e92bb682224618cf3da7a84f2c9393,0,0,0,-1,0,-1,-1,0
d4ee30d4f7d27870321896615087636e,0,1,1,1,0,1,0,0
d4ff8028bb8486f6b6d4b81b48a7d6a3,0,0,0,-1,0,-1,0,0
d51058c8aaef08350b1331d81a9c0b34,0,0,0,1,0,1,0,0
d5544203f521eb6097ecd4728e2f9e12,1,1,1,1,1,1,0,0
d55b84d9860fabff89db8e1b132e6b0e,0,1,1,1,0,1,-1,0
d5d47ddb0b7c80aeb63fcbc119847cc8,1,1,1,1,1,1,-1,5
d5e2b936021d9e662d97f0b18d583837,0,0,0,-1,0,-1,-1,0
d5faa72398f67c295a9b2e183be1deec,0,1,1,1,1,1,0,0
d60a3d7134859a4018056231b2b2507a,0,1,1,-1,0,-1,-1,0
d60e2ac146040a88d3732daee0c255b1,1,1,1,1,1,1,0,0
d60f07ee6d395ef87e51ec111503d1b6,1,1,1,1,1,1,1,0
d6193ab5074b7614444b922ed33cecf3,0,1,1,1,1,1,-1,0
d6263491ab54bbe1f6f223e9e525f69b,0,0,0,-1,0,-1,-1,0
d628336f828cc942035c97c4090d30ac,1,1,1,1,1,1,1,0
d6284e4e80adfaeea87394b081c26305,1,1,1,1,1,1,-1,3
d65c6c68c9b0dd673604e18e02a71617,1,1,1,1,1,1,1,0
d66eb4aafabed3979d2b543ecb12e372,1,1,1,1,1,1,0,0
d66f65e44937971a02c50c283007573d,0,0,0,-1,0,-1,-1,0
d670a876c5df376f8f1a9246045df238,0,0,0,-1,0,-1,-1,0
d6809ef0108d72ed6765f6cc5a6a998d,0,0,0,-1,1,-1,-1,0
d68a94df621cb5519389ac9a0dc0a52c,0,1,1,-1,0,-1,0,0
d69b6b2e9f432344eeb4cdb4fdcfd8c2,0,0,0,-1,0,-1,-1,0
d6b9225a104063df90feb0b0d91160f8,0,0,0,-1,0,-1,-1,0
d6d5f19b9e4ad65c9729546a1718e74c,0,1,1,-1,1,-1,-1,0
d6f0a833eb2249f5f0530c6bbd5405ed,0,0,0,-1,0,-1,-1,0
d706afc69997afe98e729be5a3e11ead,0,0,0,-1,0,-1,-1,0
d71bcdf81dcad9c084d4617dbc28734c,0,0,0,-1,0,-1,-1,0
d7365515e0290f06e00350e6dbc264fa,0,0,0,-1,0,-1,-1,0
d7602ecd2e41abd17b560e1c2a32e6b1,0,0,0,-1,1,-1,-1,0
d794a3a17f58ba4bb08c68bb88c59273,0,1,1,1,0,1,-1,0
d7dae2983733539d5128b8e9000cb928,1,1,1,1,1,1,0,0
d7dcd2b7b5bedce460e93d736d402a9e,0,1,1,-1,0,-1,-1,0
d7e3df82ead2bbcb3977e9509143da0f,0,0,0,-1,0,-1,-1,0
d81338299f11cdf15db21ddd9be80938,1,0,0,-1,1,-1,-1,3
d81c7cccb33a4489214ffdb48a3a390e,0,0,0,-1,0,-1,-1,0
d8416ce496fa5d362206457a8463a98a,0,1,1,-1,0,-1,0,0
d846e585d0a37e9fe19e654bc3ff5c73,1,1,1,1,1,1,1,0
d85c5a9b3d896183a8fbe0f1bfabab26,0,0,0,-1,0,-1,-1,0
d86af12fc1de67a35fbc27b088e2b2a1,0,0,0,-1,1,-1,-1,0
d88593aa033236e7a122fe1f99d2620b,0,0,0,-1,0,-1,-1,0
d8890ac954035126fb2336794f955a62,0,0,0,-1,1,-1,-1,0
d89ad7204117854c90100798cca0a55a,0,0,0,-1,0,-1,-1,0
d8ac23b8cf568fb1e0b11e87707ce679,1,1,1,1,1,1,0,0
d8b2c9b61412f0d49ec939449e67f409,1,1,1,1,1,1,1,0
d8b5263d66caf3696841c09d937584bb,1,1,1,1,1,1,-1,0
d8c608257142bbda0a0007c20f7f1855,1,1,1,1,1,1,-1,3
d8d9db524ace8fe89bcba9869852cf55,0,0,0,-1,0,-1,-1,0
d8e4003e0dac4d243cd1688b2f66ede9,1,1,1,1,1,1,1,0
d8f7be2c3a1c11f8b64ccc6af7d1c3c2,1,1,1,1,1,1,1,0
d90704d5ad0f94d4fca9942a054f4386,0,0,0,-1,0,-1,-1,0
d9582c93f87be845e94608abba3f9a2f,1,1,1,1,1,1,1,0
d95e94a502d25172f54c5a907a01cbb3,1,1,1,1,1,1,1,0
d98f0fe15a07ffc3bac8190db16f3632,1,1,1,1,1,1,1,0
d9bd15fd5b0434627c106312ce332a5b,1,1,1,1,1,1,0,0
d9c388dde7968a0b19a3b522427989bd,1,1,1,1,1,1,1,0
d9e129abb3f4f6bd3d55983481aaa3e7,0,0,0,-1,1,-1,-1,0
d9e35c1225081da61fde6eb0d305848d,0,0,0,-1,0,-1,-1,0
d9ec91ccb5b84a59f172894893f8533b,1,1,1,1,1,1,0,0
d9fc9576ee455e581d6fa84c999e5023,0,1,1,1,0,1,-1,0
da36896f8bab036ab1c6171ea5e4be22,0,0,0,-1,0,-1,-1,0
da5fc2dc8d79a3534067c5c70cfbde32,1,1,1,1,1,1,-1,3
da82e5bac57f12eddf879a11d90d065e,1,1,1,1,1,1,0,0
da83a4ef2ae0f6fd64b3c23eb94b4536,0,0,0,-1,1,-1,-1,0
da877f4e92f4fc53773e40acb5533fe1,1,1,1,1,1,1,-1,3
da9548de23f49bb928c0b0ba637838b7,0,0,0,-1,0,-1,-1,0
daabc8765b2858b3471a66113fcc9d76,0,0,0,-1,0,-1,-1,0
dacf91e5590b55f51d8c94ef2b11dd21,0,0,0,-1,0,-1,-1,0
dae9a777898dcfe4e281fcef23ae4b47,0,0,0,-1,0,-1,-1,0
db00b321cf3bb89d6726dc870257816f,0,0,0,-1,0,-1,-1,0
db2669e6d695c716acaecb7f6e4f5c32,0,0,0,-1,1,-1,-1,0
db28c2d3df0f5a31b6abc7a14381db32,0,0,0,-1,0,-1,-1,0
db47621cf9cbeebaed30c5ddbbfa3c1c,0,1,1,1,0,1,-1,0
db5eba348dfd514a2874d67010bbc14e,0,0,0,-1,0,-1,-1,0
db7aab58333c00589affa6e6266fd413,0,0,0,-1,1,-1,-1,0
dbb425c17668a41984d1ffc9acac09fb,1,1,1,1,1,1,1,0
dbbb637f030c66bf2d01e136864e87ea,0,0,0,-1,0,-1,-1,0
dbd6546b790f51a40c52f6a0f2556849,0,0,0,-1,0,-1,-1,0
dbd86c5f1eeacc957b3525af943c54c1,0,0,0,-1,0,-1,-1,0
dbe095996170233735de7c2207b0c94a,0,0,0,1,0,1,-1,0
dbef5dcb61a3c35ade7e59c14064cd06,0,1,1,1,0,1,-1,0
dbf480f2de9cda7295c91c235674f18d,0,1,1,1,1,1,-1,3
dbf8e013324731f04de0419f7a6a39a7,0,0,0,-1,0,-1,-1,0
dc0d199a8993e6159e6110f0c2e26cb8,1,1,1,1,1,1,1,0
dc3019d3ab9b0e538c802897e5fd6f8f,1,1,1,1,1,1,1,0
dc3502d6b056cd89aae2fe9345582fd1,0,0,0,-1,0,-1,-1,0
dc367ccdcc0bcf8a1a7cfaebfa69dc25,0,0,0,1,0,1,-1,0
dc4763a6abec1f37897a259f7b063e2e,0,0,1,1,0,1,0,0
dc49ad14711434da2e94e4e4121c97d4,0,0,0,-1,0,-1,-1,0
dc5557f6ca6b12e1e98d7035b5777b59,0,0,0,-1,1,-1,-1,0
dc5b52e72c743e9207758c6e12825411,1,1,1,1,1,1,1,0
dc797d1a98a6db50978625cf1048720d,1,1,1,1,1,1,1,0
dc7b3fc952bb490439df1987533c513c,0,0,0,-1,0,-1,-1,0
dc7e9a0b70736ae8aa67bdfef9e5563f,0,1,1,1,0,1,-1,0
dc974c93635de4d7272dd069c50df5ac,1,1,1,1,1,1,-1,0
dc9ac0bfe7a3a3f33afbf7fc14f4358d,0,0,0,-1,0,-1,-1,0
dc9f0d6c6c92857d3944275091aeb512,0,0,0,-1,1,-1,-1,0
dcc05b72979168ab1610573d8ea02409,0,0,0,-1,1,-1,-1,0
dd43cc94d82d861bbb7d6b967af81c2b,0,1,1,1,0,1,-1,0
dd50c8ced6407e373dd6ad3fb260eb8a,1,1,1,1,1,1,1,0
dd5e48d5d4fe9dc812c8c9358a5ff6a8,0,0,0,1,0,1,-1,0
dd8e9f4734ca80ec3aca74a00c6900d0,0,0,0,1,0,1,0,0
dd9b549beb7482685baec9d846ab1365,0,0,0,-1,0,-1,-1,0
ddaed1ea395d4615d51bfb4276c1c47b,1,1,1,1,1,1,0,0
ddc9643eb6ba82548c1cfcc8b80ecdd1,1,1,1,1,1,1,0,4
ddce1c4390b4733773e05a163a6a876a,0,0,0,-1,0,-1,-1,0
de3211b50b3ea6210073069428c12e01,0,0,0,-1,0,-1,-1,0
de3770abe5873fb4c4b683141aed5f8c,0,0,0,-1,0,-1,-1,0
de6eb8fc76c9ca0ab5c64c64bb1e1cfe,0,1,1,1,0,1,-1,0
de7f5bcd1471d8e4df1af252e097c8e0,0,0,0,-1,1,-1,-1,0
de90470b8fc1509cb484be5aee2b737c,0,0,0,-1,0,-1,-1,0
de95c611bad1c046dea084ac25bdf48c,0,0,0,-1,0,-1,-1,0
deb778b13e97ef73e5ee6fe80e50d768,0,0,0,-1,0,-1,-1,0
def03fafeaf8f2fabdf3bc017c3736c4,0,0,0,-1,0,-1,-1,0
defd296763b8385d0f60fda75b8cb56d,1,1,1,1,1,1,1,0
df080aee05151c5e6fa90a94514aa6ae,1,1,1,1,1,1,-1,3
df309dc91d3fc3e139bf387c4e11a629,0,0,0,-1,0,-1,-1,0
df385aae27f79cb0d47a2cd9f52f09ab,0,1,1,1,1,1,-1,0
dfa78dfe150f573a1f32fe09defcc9a3,0,0,0,-1,0,-1,-1,0
dfb049ae9b6a6c6cda358f1b06cfaca4,0,0,0,-1,0,-1,-1,0
dfcfa49488ee18da7d8067965b117d29,0,0,0,-1,0,-1,-1,0
dfd2d8953095d48be17a4f4a5b4d2a32,0,1,1,1,0,1,-1,0
dfec2812af6797f3c44fb827efd8be82,0,0,0,-1,0,-1,-1,0
e0060209bf9e404f8a7f0cd7cf145a50,1,1,1,1,1,1,1,0
e00c09ef4691ccd9df0d02855b67f1c2,0,1,1,1,0,1,-1,0
e00c95289d7d10744e244b01b11e7889,1,1,1,1,1,1,0,0
e020409ff141eae1a9f4e1f54d079a27,0,0,0,-1,0,-1,-1,0
e062839a77f0e0508868005a869c8f6b,0,0,0,-1,0,-1,-1,0
e0744efdee05cc7c1c5019cbc329d5bc,1,1,1,1,1,1,0,0
e088bc5ef5fdb7342a331a600086a24b,0,0,0,-1,0,-1,-1,0
e0b4bad4f8adf6b13e44735a01e5f587,1,1,1,1,1,1,1,0
e0b4f6de7b15b183e43dae24b5a52f04,0,0,0,-1,1,-1,-1,0
e0cb827b8fa81d32856a9d5f235a8784,0,0,0,1,0,1,-1,0
e0d9d7f02656be4a4f2a08a30f34f934,0,0,0,-1,0,-1,-1,0
e0df6790487c08bd962f0e5d9b104798,1,1,1,1,1,1,1,0
e0fd82b6441ca8804f837f462eb0cef0,0,0,0,-1,0,-1,-1,0
e10db5f58ca234fced518082bba8df87,1,1,1,1,1,1,0,0
e1117a23d504872be8e674c7000e1f41,1,1,1,1,1,1,0,0
e1195d6e91706117b14cd04d18ad71e2,0,0,0,-1,0,-1,-1,0
e11b5e63e819b1302af04833748fb068,0,0,0,-1,0,-1,-1,0
e126a6c78945896244623f96507178d1,0,0,0,-1,0,-1,-1,0
e15c5ab7ce6f547b7d7e95fe026ad013,0,0,0,-1,0,-1,-1,0
e161117709ca801a76e7ffd65dbd130f,0,1,1,1,0,1,-1,0
e180dcf1af4929c7c3a41685337de077,0,0,0,-1,0,-1,-1,0
e183db8078ca569b4dd09da5191394de,1,1,1,1,1,1,-1,3
e19dcd248f3d943bc656f2babb394cf3,0,1,0,1,0,1,-1,0
e1a6a117491fecf623c48adcec1cc853,1,1,1,1,1,1,1,0
e1c531024e10e6435b53f3e9e27f7d5d,0,0,0,-1,0,-1,-1,0
e1d6805e6434a4368aec0afa1664e04d,0,1,1,1,0,1,-1,0
e20be0d17ccf7edeface5005079d9404,0,0,0,-1,0,-1,-1,0
e2457c499a7f4df1e00d8a20175cfc65,0,0,0,-1,0,-1,-1,0
e26f19f27b7331245ab9e6229af50f0b,0,0,0,-1,0,-1,-1,0
e28609d43a5f5e8e311b6f81e4d2cf2d,1,1,1,1,1,1,1,0
e2a7dd3b15719afe020809319e09f8fa,1,1,1,1,1,1,1,0
e2bf3db8b1393400631bca323074288a,0,0,0,1,0,1,0,0
e2c1daf10a6466b6df854059097149a9,0,0,0,-1,0,-1,-1,0
e2d26f49f2d7da424412424b9c4f2981,0,1,0,1,1,1,0,0
e2d7fcebac979bc8d408ede974f91718,1,1,1,1,1,1,0,0
e2ecd362e4b323dcbd39f297d8c68f10,1,1,1,1,1,1,1,0
e2f52329b7fea55c3c1e34ab6030c897,0,0,0,-1,0,-1,-1,0
e3006fdf7d486d41af7ea982acb9fbd2,1,1,1,1,1,1,0,0
e304dae1da8f81d10da8c726e7ad3431,0,0,0,-1,0,-1,-1,0
e326b859b6ec66ab9471e38142132ae8,0,0,0,-1,0,-1,-1,0
e37b77ab34cda603d517b775a4bca390,0,0,0,-1,0,-1,-1,0
e3812b3284bce38ee94e873b67233f53,1,1,1,1,1,1,0,0
e3a99dd76b79a7682961526f74bece88,0,0,0,-1,0,-1,-1,0
e3d11e78a8131e1a826b4ee0e45599f9,1,1,1,1,1,1,0,0
e3d673aaa97a3484692aec7468716fa9,1,1,1,1,1,1,0,0
e3e5f720284d12fa11d5ff900c81b339,0,0,0,-1,0,-1,-1,0
e3fb5590c1934b298323f71190869071,1,1,1,1,1,1,1,0
e407e8bb24a317c62a4a33a062206728,1,1,1,1,1,1,1,0
e43d1837c9614f4c2390eb59fd04d876,0,0,0,-1,0,-1,-1,0
e45d6a503bf18bc59ea0a91f8e30247b,0,0,0,-1,1,-1,-1,0
e46c595298c8fdbaada5da8238316b2b,0,0,0,-1,0,-1,-1,0
e4868006727fa1f4217398a5ee7b8a76,0,1,1,-1,0,-1,0,0
e4d3d85f3b5d4c25e4ecad42d432ce2f,1,1,1,1,1,1,0,0
e4eb36cae2c4b507065d7aa997d432d1,0,0,0,-1,0,-1,-1,0
e4f1498808b19cead3114d8e4d18da74,1,0,0,-1,1,-1,-1,0
e4f99bf8013a7b17f4f2ddbd932b09b3,1,1,1,1,1,1,1,0
e5128a703a554f5b9e73e8092a532fd8,0,0,0,-1,0,-1,-1,0
e51f3313cbf1b65f4b7847ab7d399cb3,1,1,1,1,1,1,0,5
e5262c3f101e5f297e61aabb0f381d25,0,0,0,-1,1,-1,-1,0
e52dae4fff0dc79af37aa52a1c3109ec,0,0,0,-1,0,-1,-1,3
e541d6a13964f639cf8c3bf86c480062,1,1,1,1,1,1,0,0
e552d51a9eb071ab661325e378d8d762,1,1,1,1,1,1,1,0
e56bb1ea3f34f6b2c2e7f9a626bfe70f,0,0,0,-1,0,-1,-1,0
e5927b93ec22eb0b70ec32a7e026a9e8,0,1,1,1,1,1,0,0
e5a8588c801ddf42102c55061cb604bf,0,0,0,-1,0,-1,-1,0
e5a86d513a490da116a9bbd3d72ffb13,1,1,1,1,1,1,1,0
e5ade91f9845a3bd03a0bef55f5717fe,0,1,1,-1,0,-1,0,0
e5b671131aecbba7d0ca6649af51bee8,0,0,0,-1,1,-1,-1,0
e5fba0df3bc4e40e58d717d9d6973d9b,0,0,0,-1,1,-1,-1,0
e5ff27dc8500de785f167f584c7dab78,1,1,1,1,1,1,1,0
e6170bf89482059328d6d24d582005e8,0,0,0,-1,0,-1,-1,0
e65c7a36f78fb7c011b9fc813b8d3fb7,0,1,1,1,0,1,0,0
e66cee0983b12b96e3d3540ba02432b2,0,0,0,-1,0,-1,-1,0
e67553f1b6f3a2e1cd3b1ab74b98b234,0,0,0,-1,0,-1,-1,0
e6b504743ec53323935c2bd1f311891f,0,0,0,-1,1,-1,-1,0
e6b5dc2b41766a31435fe847e0985ec2,0,0,0,-1,0,-1,-1,0
e6c3f36d369b7f5e1e0d36f4820f5f84,1,1,1,1,1,1,1,0
e6d1f401de75f0e1d6cce3c5e3a88544,1,1,1,1,1,1,1,0
e6e594c539845dfb61628019f05b4151,1,1,1,1,1,1,1,0
e7087af9cfb93398bbb21f3205ab7166,0,1,0,-1,0,-1,-1,0
e7183a75a2dab11135a07d9efcad990e,0,0,0,-1,0,-1,-1,0
e72be022bad95d42ee382aab948b9e93,0,1,1,1,0,1,-1,0
e72d6a0720b3ced18937186745542a27,0,0,0,-1,1,-1,-1,0
e75666bf07c371c83773d53d32196f5c,0,0,0,-1,1,-1,-1,0
e76727e8e71ffdb8d4b07e0a2eff2721,0,0,0,-1,0,-1,-1,0
e769bb5f036c9355062e52d73dbf24ac,1,1,1,1,1,1,-1,4
e7790169b6e6dd9d2e40b77925d0dad1,0,1,0,-1,0,-1,-1,0
e79ac35a1bf7eadae1306674f24ed94e,1,1,1,1,1,1,0,0
e79bd0a7341d3501f43ca8f700d4bb99,0,0,0,-1,0,-1,-1,0
e7ab6dd4ab7c2af2e1e7305c29724617,1,1,1,1,1,1,0,0
e7ac74c4f1187f4ba0ae0ea35dbb1da4,0,0,0,-1,1,-1,-1,0
e7b3e7b3db71117a5f7d728aa53b6824,0,0,0,-1,0,-1,-1,0
e80e9bcfc1e873f5b51887452e610368,1,1,1,1,1,1,1,0
e813c1612fa4b03f78ee1b1aca2d3371,0,0,0,-1,0,-1,-1,0
e82c7b3043d48f2b9a20b5518989608b,1,1,1,1,1,1,-1,0
e85341cebf4376c9698c48edb41185b3,1,1,1,1,1,1,1,0
e86c5ebef4ff3d1e3ef127d8ca149694,0,1,1,1,1,1,0,0
e88150b8166d3a2ed436e08272a712b6,0,0,0,1,0,1,0,0
e8825a4096c4765dce99c622605b7ea8,1,1,1,1,1,1,0,3
e88be91e5f60b0c93de30caf48beb499,0,1,0,1,0,1,-1,0
e8a0c327252dcb455956e3c68aa041f1,0,0,0,-1,0,-1,-1,0
e8a8f76331ee415602429999ae62327d,0,0,0,-1,1,-1,-1,0
e8ae4874131dd911c6944d9e8910a508,0,0,0,-1,0,-1,-1,0
e8b33637dceaec2b5f9f682eee486426,0,0,0,-1,0,-1,-1,0
e8cb771045441f0e0fbf969ab4b39ee4,1,1,1,1,1,1,1,0
e8d1ad05cd463c40842e1e122c06f8f7,0,0,0,-1,1,-1,-1,0
e8f314a29fa25c638d5755c3727a38a9,0,1,1,1,0,1,-1,0
e8f66b5ca19f723286ca4ab91d5c26ee,1,1,1,1,1,1,1,0
e8fd4fa6d467baa3841bd200580c87e1,1,1,1,1,1,1,0,0
e91b3b1f743a06d3adc9c5849f2017c7,0,0,0,-1,0,-1,-1,0
e927cf24b34af7d2764df4c9d22c0c6a,0,1,0,1,0,1,-1,0
e9311d5040546411b04b8a55605630c2,0,1,1,1,0,1,-1,0
e93afaae7b4fe31d162315592d9b9a27,0,0,0,-1,1,-1,-1,0
e945f4c4d727524dbe0d49e33f99c649,0,1,0,-1,0,-1,-1,0
e9470b68deab18ff1f965c04f7ed8e85,1,1,1,1,1,1,1,0
e95ae0be8ba10bd83c5caac27955092d,0,0,0,-1,0,-1,-1,3
e98a0e7363b9b8b45deace167551abeb,0,0,0,-1,0,-1,-1,0
e9a208e75ed8d47b379aa233ddac7369,0,0,0,1,0,1,-1,0
e9a39e1e49717c86da4e2ff419fcd79f,0,0,0,-1,0,-1,-1,0
e9a4bc476d9a0544270643980b98dbe7,0,0,0,-1,0,-1,-1,0
e9c34155e5200b9b090a59a32b22222c,0,0,0,-1,0,-1,-1,0
e9e4ff7cdd38cc3f7b677e663e59b76e,0,1,0,1,0,1,0,0
e9e95a9b928abc72633ad788413768e6,1,1,1,1,1,1,1,0
e9ea07bb70636bc6ccf637c4eef25b01,1,1,1,1,1,1,0,0
ea25c16b91da3dd78b69747338f8d50a,0,0,0,-1,0,-1,-1,0
ea315c0585285a010a47d2104bda6b5e,0,0,0,-1,0,-1,-1,0
ea3f8c2a7440bae07c2343d5655722dc,1,1,1,1,1,1,-1,3
ea4861e08eba1b292315134861d09515,0,0,0,1,0,1,-1,0
ea752fbac5ce49979fbb1add2985a6e7,1,1,1,1,1,1,1,0
ea7ed637134d12e9dbc99f5357c02009,1,0,0,-1,1,-1,-1,5
ea9a434bc9c4f6b3d71f03a9b89014d0,0,0,0,-1,1,-1,-1,0
eaa711fed42978a24a70c7c0e5bc010e,0,0,0,-1,0,-1,-1,0
eab052f25755c129914d6c1f325f3927,0,0,0,-1,0,-1,0,0
eadfd46aadc2fd307d4301ad2b1c22ed,0,1,1,1,1,1,-1,0
eaf0d39188f2505cdc58b302fdd62edb,0,0,0,-1,0,-1,-1,0
eafd78c8a23f484156d6d62cea07dc18,0,0,0,-1,0,-1,-1,0
eb09a1ee4af5c0459410641c72074fcc,0,0,0,-1,1,-1,-1,0
eb11f3b0f67c73d46323ddfcfefc0336,0,0,0,-1,0,-1,-1,0
eb1be4c9faeaae7e890ebeb8aade9132,0,1,1,-1,1,-1,-1,0
eb3c68b9d90d952f3374c3a9894bdd57,0,0,0,-1,1,-1,-1,0
eb4ec5ad1ecc55525416ffb64ad4412a,0,0,0,-1,0,-1,-1,0
eb562e92b8d2e93b842d4c0a5bec34cc,0,0,0,-1,1,-1,-1,0
eb7bcced5b88be1c7e61c58c04873d1c,0,0,0,-1,0,-1,-1,0
eb887e2efea0b4dacf00766a5af4099f,0,0,0,-1,1,-1,-1,0
eb93cec5a9ba1b539a57ffd66500799c,1,1,1,1,1,1,1,0
ebd20f44cfad60a7957cc167db2c1b8f,0,0,0,-1,0,-1,-1,0
ebd77ebacd0ce46a223e20817b75626d,1,1,1,1,1,1,0,0
ec035254fd36263e768b2f49cac7d0fd,1,1,1,1,1,1,1,0
ec08271e0929662592e2ae72d21207e8,0,0,0,-1,1,-1,-1,0
ec204e43c02dce86f422fa5e51d7d385,0,0,0,-1,1,-1,-1,5
ec22010c36378373d546628bc94ffa78,0,0,0,-1,0,-1,-1,0
ec245d151d6bf6af6601eef9d29896ba,1,1,1,1,1,1,1,0
ec3903854cc9e183e3baa183a577b5cf,1,1,1,1,1,1,1,0
ec69d8937a94bc7d91d7feb757ad37ae,1,1,1,1,0,1,0,6
ec6abb441eee5fc2179d92e5e93ea817,1,1,1,1,1,1,0,0
ec6fb4f8817f3b2230108678c6cdd3ad,0,0,0,-1,0,-1,-1,0
ec7cda27340c124da497ec48f92e36a4,0,1,1,-1,0,-1,-1,0
ec874f800b63ad351ba821d5e33da433,1,1,1,1,1,1,1,0
ec947295e1479b6ec1f62499361e7b42,0,0,0,-1,0,-1,-1,0
ec9e241d9c41d6e07f81fee28321d066,0,0,0,-1,0,-1,-1,0
ecd7699251db617adb3d24ceb64e2c53,1,1,1,1,1,1,1,0
ece1f8beaffa9c98fe8e6a27a4635133,1,1,1,1,1,1,1,0
ed1377fa1b1f85d7baec940580c80940,1,1,1,1,1,1,1,0
ed29895545d58cd64867176be1f83f26,0,0,0,-1,0,-1,-1,0
ed59ba08e5e6c53273bac37db5631d32,1,1,1,1,1,1,-1,3
ed5aa2e698c4a04bfda4248b85f1ac80,0,0,0,-1,0,-1,-1,0
ed66c719b352f3daefe47ef98be229fa,1,1,1,1,1,1,1,0
edd01cf089f258b2f5a8f26011bec606,0,0,0,-1,0,-1,-1,0
edd7a1c63d7a8995fc3c0cf064dea6c3,1,0,0,-1,1,-1,-1,0
ee040fa12e202ac0fab3634d647e127b,0,1,1,1,0,1,-1,0
ee0614d4e3be25392ad1a681c77a7d7d,0,0,0,-1,1,-1,-1,0
ee1fb498401684f2b575bfa29780de9d,0,0,0,-1,0,-1,-1,0
ee25c61531c355332f301b53d75ae476,0,0,0,-1,0,-1,-1,0
ee2830d657e5bb3ec57546935a2f44ca,0,0,0,-1,0,-1,-1,0
ee499a25d1648540debbce8e4e7fb9cb,0,0,0,-1,1,-1,-1,0
ee561e433dad76f9455edc9c62057d30,0,0,0,-1,1,-1,-1,0
ee7ac7c76c82a2b852c9cb3dd87333de,0,1,1,1,0,1,-1,0
eead0a39ead506eb1ba8c1285f5b554b,0,0,0,-1,0,-1,0,0
eecccbb2f3dc1dffcee168073df580ce,0,0,0,-1,0,-1,-1,0
eecd7a23685d1e72816149b5750378ca,1,1,1,1,1,1,1,0
eece701d4eff84a4d1e58d2423ae29b3,0,0,0,-1,0,-1,-1,0
eecfbfb48a70b4ed345f2eb5fd8dfbcd,0,0,0,-1,0,-1,-1,0
eef1efe5170f4f4c53280121524377f3,0,0,0,-1,0,-1,-1,0
eef6d584eb6578bbf34d48c23e41ea8c,0,0,0,-1,0,-1,-1,0
ef20bd929b964d74f0f6dc0918127e5a,1,1,1,1,1,1,1,0
ef229516bffd096175668b9dffc7ed4a,0,0,0,-1,0,-1,-1,0
ef27d956f9cb836a472a64fcc7708428,0,0,0,-1,0,-1,-1,0
ef2990eda3fae90ab043f456eb6c2c3a,0,0,0,-1,1,-1,-1,0
ef3978b69ca11a178eee8a4fe4051b89,0,0,0,-1,0,-1,-1,0
ef3c5726f54b4f37702a29b24dcf05da,0,0,0,-1,0,-1,-1,0
ef3cf4cb4d5a16aa2f4368f4172b9cc6,0,0,0,-1,0,-1,-1,0
ef3da6265bc9b6a5e093cd94a2c52bd4,0,0,0,-1,1,-1,-1,0
ef48b16e0afd73bfed8468e6da9895ce,1,1,1,1,1,1,0,0
ef8a2da561f9a325b1e764bc3ec7100a,0,0,0,-1,0,-1,-1,0
efabbeee039703cf8d5e33cd28b2ebc1,1,1,1,1,1,1,1,0
efc1a03669bc873f5b0e0ac2970cb1dc,0,0,0,-1,0,-1,-1,0
efd59dd0c7cd2d8a574bd272f8966018,1,1,1,1,1,1,0,0
efde3dc8b7d06b67937bd0c609796459,0,1,1,1,0,1,-1,0
eff2aae5674422831d3501f6768a4aa3,1,1,1,1,1,1,1,0
f038036a79864a6e103fca2e975d0222,1,1,1,1,1,1,1,0
f04c697fb314bd718a5560b845b94d66,0,1,1,1,0,1,0,0
f0708711c43f754316764a53e460affa,0,0,0,-1,0,-1,-1,0
f0717020e37c8cdae712e93d142f3523,0,0,0,1,0,1,0,0
f08fe6cd086366fb6967ad8321240712,1,1,1,1,1,1,1,0
f092fefdc07c97de4a5691cb30b50a04,1,1,1,1,1,1,0,0
f09aa371383f51beb83af0c463ccec12,0,0,0,-1,1,-1,-1,0
f0af828c270aa621a9affb50265e1ef7,0,0,0,-1,1,-1,-1,0
f0d5b18013962bbe3b8d556c07fa6d96,0,0,0,-1,0,-1,-1,0
f0e90b022744bf4108c915f8edb2c564,0,0,0,-1,0,-1,1,0
f11c216e316679aa9b1f53045e024f5a,0,0,0,-1,0,-1,-1,0
f121e59d8f25f06c90b12bda67731a9a,1,1,1,1,1,1,1,0
f12916bdb7aa07f37e8944bc889175a9,0,0,0,-1,1,-1,-1,0
f1aef436024bf5916918927cb31643f9,0,0,0,-1,1,-1,-1,0
f1b558e7c1d23273827b592ed9596fe7,0,0,0,-1,0,-1,-1,0
f1b6600fd8515b6d48febe1994d9d667,0,0,1,1,0,1,0,0
f1bf89030aee6f2cdd6357992a041b77,0,0,0,-1,0,-1,-1,0
f1c88a36c8ea9ea5318ea91925a40569,1,0,0,-1,1,-1,-1,0
f1d2f6ac2ec6dbaab6832c10aed98bb4,0,0,0,-1,1,-1,-1,0
f1e874186186e13f6179f5f0c40019ef,0,0,0,-1,0,-1,-1,0
f1f62862470aec6a20f74409c6066c39,0,0,0,-1,1,-1,-1,0
f1fe5132f1979ef321da6e1c1ef97faa,1,1,1,1,1,1,1,0
f200b9ce443fd25387ae514b3a4cde41,1,1,1,1,1,1,0,0
f20470275743870895b27ec78d423566,0,1,1,1,1,1,0,0
f21ca0610a47d974c863b46f8a1c2b7c,0,0,0,-1,0,-1,-1,0
f22d28855fceef1e7e4564d16099b9b6,0,1,1,1,1,1,-1,3
f23a3608c6637330eb7a3a61109ee6c2,0,0,0,-1,0,-1,-1,0
f24af20464fd1514d3d29968ceabfd2b,0,0,0,-1,0,-1,-1,0
f265250b65ede43b3987d05d9d794bd9,0,1,1,1,1,1,0,5
f27b772b80d0e25e46a69a5ea5a51322,0,0,0,-1,1,-1,-1,0
f28b2af86abab321c58925ae3e0e6dbf,1,1,1,1,1,1,1,0
f2944be46fdcd9a09afa429dd7812a8b,0,0,0,-1,0,-1,-1,0
f2aeff96e3f11ebf087c993e91cd3fb5,0,0,0,-1,0,-1,-1,0
f2b6a6065dbed98cc3f3dcb341f36a68,0,0,0,-1,0,-1,-1,0
f2beff655343f551cef11f0729ba733a,0,1,1,1,1,1,-1,0
f2c0690e1e1db64c9e1a13a93fa89c26,1,1,1,1,1,1,1,0
f2c1bf06bf218578869e3d2a2157bb30,1,1,1,1,1,1,1,0
f2e9aff71a028154e1b5ab77f7b92a59,0,0,0,-1,0,-1,-1,0
f2fd5671cf3ac8ba31975869b3d7a749,0,0,0,-1,0,-1,-1,0
f3013f427dcf623d7ddaaf43273b7936,0,0,0,-1,0,-1,-1,0
f30ad6140e47a03c84ce9e2bfa899fb4,0,1,1,1,0,1,-1,0
f310296d3ce537bd46fd7b06aa77d352,1,1,1,1,1,1,1,0
f3235966b7e70daa3b7d0df88517fd65,0,1,1,1,0,1,0,0
f352eb3f29c325901e0bcc784fe4069b,1,1,1,1,1,1,1,0
f374ae238428e26156088643698310ee,1,1,1,1,1,1,0,0
f398477f9b4d7a4becf478b6a56a19ef,1,1,1,1,1,1,1,0
f3acf481c46cd9d029cdf70668004f9c,0,0,0,-1,0,-1,-1,0
f3aedc5ad58d3b2250ff312df96d5b82,0,0,0,-1,1,-1,-1,0
f3dd883fbd6b1929b1fad7e2ceb15ea1,0,0,0,-1,1,-1,-1,0
f3eaa02f644ea1818b58a0516ddf2eb4,0,1,1,1,0,1,-1,0
f3eef55db0668e3aca96438a32cab263,1,1,1,1,1,1,0,0
f43185334791f01e8a97346ee4fefa45,1,1,1,1,1,1,1,0
f439ad51b8a6b4798c0cc8c7c1d9438f,0,0,0,-1,0,-1,-1,0
f4699e515a57e0444777b27a8325a458,1,1,1,1,1,1,0,0
f4712864611e187729f744da6d5163df,0,0,0,-1,0,-1,-1,0
f47d331bafb996c8e16ac7d896ec33c3,1,1,1,1,1,1,1,0
f4aaf6fc2807a6a19a8a22b127c71bf8,0,0,0,-1,0,-1,-1,0
f4b67ceb70014f232e9843e7331be1e8,0,0,0,-1,0,-1,-1,0
f4bc1088f5f0effbad24458909b50ccb,0,0,0,-1,1,-1,-1,0
f4d8b5e84443d98c06a04860e3b38e32,0,1,1,1,0,1,-1,0
f4e6dbdad529b1de8c17fbdc6f2a11ed,0,0,0,1,0,1,-1,0
f517e2a5fe53072ed68c9d1ccadb14d7,0,0,0,-1,0,-1,-1,0
f53012d74b874223b2e379d82901fcc6,0,0,0,-1,0,-1,-1,0
f55f2c9e0deeef477ad54d2ed0e67ac4,1,1,1,1,1,1,0,0
f58ac80f35600f444b39d8479f85d2f5,1,1,1,1,1,1,1,0
f58b42a811aceb19f59616e631a78626,1,1,1,1,1,1,1,0
f58ed66dd7f24debbdd0a12eeffa6f31,1,1,1,1,1,1,1,0
f59c83e390f90ee4d1bbd0b7a2b8e4c2,0,0,0,-1,0,-1,-1,0
f5b8b62f5755099a259b8b9092d2d142,0,1,1,0,0,1,0,0
f5cdbca17be93559968a7dadc5305152,0,0,0,-1,0,-1,-1,0
f5d4e59bffbcbc31a67192221e86e29b,0,0,0,-1,1,-1,-1,0
f5dbc709d1244ab9b281ef60b1699f00,0,1,1,1,0,1,-1,0
f5df90c87338fd546e2b84d00849e02b,0,0,0,-1,1,-1,-1,0
f5f47f474acbcfe660ae6280f2ee791a,0,0,0,-1,0,-1,-1,0
f6013614dfdd45e28aea3bde99aaedf5,0,0,0,-1,1,-1,-1,0
f60bf20bf2b81794a39fee98f145191e,0,0,0,-1,0,-1,-1,0
f613967812e160261cf30017e4c11617,0,0,0,-1,0,-1,-1,0
f63c44f7d1fc7b4555efc72cb9db4185,0,0,0,-1,0,-1,-1,0
f640043c3b3128253e6a476a5eeb3274,0,0,0,-1,0,-1,-1,0
f648dc1a6f0e4e2f21af999590c14ae2,0,0,0,-1,0,-1,-1,0
f66d6f160862959a93a79f6b7f9db89f,0,0,0,-1,0,-1,-1,0
f66f89bcae9842c056e542615ff2863f,0,1,0,1,0,1,0,0
f673b69d68466083e7c598fa58eef38a,0,0,0,-1,0,-1,-1,3
f6801ed002932d974b52a56f8fc7cf78,0,0,0,-1,0,-1,-1,0
f698c7d509bdb0ca71154849249bbe34,0,0,0,-1,0,-1,-1,0
f6a4ab08a7cae6b029dd073bbb8485ad,0,0,0,-1,1,-1,-1,0
f6bb0a6aed55632fb386cf4a96d60581,0,0,0,-1,1,-1,-1,0
f6bdee844c17f2d02ecd52e391e2863b,0,0,0,-1,0,-1,-1,0
f6c6765c42a5f236c5836a06e889f567,0,0,0,-1,0,-1,-1,0
f6cbfffb5497fa0af1c97b6d471d1695,0,1,1,1,0,1,0,0
f6d70066ea1e9383878231c3769f80fa,0,1,1,-1,0,-1,-1,0
f6f7ac4f5775642a74ab8acd365b2c30,0,0,0,-1,0,-1,-1,0
f70942b6464fc857e93ee3e08851ddae,0,0,0,-1,0,-1,-1,0
f7156ad26d63e22d3ecc4ed10bda26bb,0,0,0,-1,0,-1,-1,0
f73c72b488a01a8ee2aba38b1accef83,0,1,1,1,0,1,-1,0
f7741d7adbb12130d895674500e7e3fc,0,0,0,-1,1,-1,-1,0
f7871a91649c4d5f08e58478586a4425,0,0,0,-1,0,-1,0,0
f7ed0317fea32b355fda6afbff3a7063,0,0,0,-1,0,-1,-1,0
f7fd50cd83dd5bed17ca8adfad9c964a,1,1,1,1,1,1,-1,4
f80fdef8e317dbe1c00e3883d73ef85a,0,0,0,-1,1,-1,-1,0
f82c58445549eaf359c600cbd7decd7f,0,0,0,-1,0,-1,-1,0
f83fd3c479a8a10b56b04f8b78b3b8b1,0,0,0,-1,0,-1,-1,0
f84580f1090c2591b4fc1f41cec4818a,1,1,1,1,1,1,1,0
f84ae21c4b6a53ceef617fb222705546,0,1,1,1,1,1,-1,0
f858a0230656b7f9f156fbe22e0362a8,0,0,0,-1,0,-1,-1,0
f89d5d4be1340dd3ed3e5f5554b39a49,0,0,0,-1,0,-1,0,0
f8a697908cb54634b724a85079c334a3,0,0,0,-1,0,-1,-1,0
f8bcf272b50f1d46f5308e2c7d25befb,0,0,0,-1,0,-1,-1,0
f8d2e6e49cb6211c3fb20a0895660d3d,1,1,1,1,1,1,0,5
f8ec7bf13d1befee15b2d1b506f53c7b,1,1,1,1,1,1,0,0
f8fc6d2f2f3c7053db49c0deda7bc154,0,0,0,-1,1,-1,-1,0
f904900786887009320c10e6b5c74a09,0,0,0,-1,0,-1,-1,0
f94766d0232e4436cba5b36be0c6ad91,0,0,0,-1,1,-1,-1,0
f967cd7cd2c20094db7a382f9d7012ee,0,0,0,-1,0,-1,-1,0
f97a75d67d517126b0825ca927ba0f07,1,1,1,1,1,1,1,0
f9dde7b33d2755318959c24017e51c22,0,0,0,-1,1,-1,-1,0
f9e03c048789dea290d72786e4e7c41d,1,1,1,1,1,1,1,0
f9e9f759902fa853f0a067a20599e6df,1,1,1,1,1,1,0,6
fa0eb70bbcbf376bb39d15a2d6853f6c,1,1,1,1,1,1,1,0
fa2f2c97768fe3140329f3662e82b5fe,0,0,0,-1,0,-1,-1,0
fa71373e6300a5f84af1e809d8518dc5,0,0,0,-1,0,-1,-1,0
fa86fb2c92289e9894d3a06f1db185e0,0,0,0,-1,0,-1,-1,0
fab1c5774d4de6d90b7376bc32ef418b,1,1,1,1,1,1,0,0
fac6b7ee1b74337f8dd0d91b824be15f,0,0,0,-1,0,-1,-1,0
fad1996c992e9726209f0c56b45c8cca,1,1,1,1,1,1,1,0
fae31be1473c49d0187aeef6ce5be1f1,0,0,1,1,0,1,-1,0
fae35b9c25720afe405efb2ffdcf3e36,0,0,0,-1,0,-1,-1,0
fb07ad084f96d4d5f9e5eee23a88f605,0,0,0,1,0,1,-1,0
fb10bbeee565089ef4ed9af09e3d8bfe,1,1,1,1,1,1,1,0
fb124dc35bd2398e8940eefc1a6aa7f8,0,0,0,-1,0,-1,-1,0
fb130a6be66cc0e4af81f31fbe9c0b90,0,1,1,-1,0,-1,-1,0
fb1f69d4dcf6ca9d63281b98431c1abe,2,0,0,-1,1,-1,-1,3
fb530a4f10b7c8ee80027c8b0912df96,0,0,0,-1,0,-1,-1,0
fb897b52e3c1a3f5ded932f24bd94b6a,1,1,1,1,1,1,1,0
fb90ff08b3070743376621d205df9799,1,1,1,1,1,1,1,0
fb9f8b786ba6fcfeec629f3476f51785,1,1,1,1,1,1,1,0
fbc583f2ed435e297e7f17c18427cfcd,0,0,0,-1,0,-1,-1,0
fbe17caaa7ca19a6e6cdbe36a3b2fca6,0,1,1,1,0,1,-1,0
fbe50105bf2594c17bad535cf41e84bf,1,1,1,1,1,1,1,0
fbf01944ea961e43ac7c63902539a709,0,0,0,-1,1,-1,-1,0
fbf3756ab1f7115a54503af69371b93b,0,0,0,-1,0,-1,-1,0
fbf8ea52f8f3c2e2570be6454083c575,0,0,0,-1,0,-1,-1,0
fc083f30340905cf790160c9a21c35da,0,0,0,-1,0,-1,-1,0
fc1cc092935a5e3e6f7dcec8ef6cee53,1,1,1,1,1,1,1,0
fc3c56c846ebbd9e3dab38f6fd70a4a9,0,0,0,-1,0,-1,-1,0
fca6dd9826ad44081cbe334a5a7c01c6,0,0,0,-1,0,-1,-1,0
fcc5301068049bb49af76e0b20c3a523,0,0,0,-1,0,-1,-1,0
fcd742216c29f12ef5ec87877e4c7388,0,0,0,-1,0,-1,-1,0
fcea19f18bb99f4934711917012f6c09,0,0,0,-1,0,-1,-1,0
fcfa96cd3e360e12ed562c8dcee341dd,1,1,1,1,1,1,-1,4
fd076908196c61d99c756e9d9cccd660,1,0,0,-1,0,-1,-1,4
fd0d22c5b035f35b20c907c00f79d25d,0,0,0,-1,0,-1,-1,0
fd32a689005f0357c124bc9d4bca94f9,0,0,0,-1,1,-1,-1,0
fd3563d65a98902512f9360c88e4ab59,1,1,1,1,1,1,1,0
fd57b811f9613fa92a779702b90f42e1,0,0,0,-1,0,-1,-1,0
fd60ee61cb6b7229ab5ae4a625547fe4,1,1,1,1,1,1,1,0
fd7fc675c1b2600999fa6599787e44c7,1,1,1,1,1,1,0,3
fd81e7fb02055448203d3e7243e6b7c5,0,0,0,-1,0,-1,-1,0
fd8774a832103ba1deb7a4747ec8d1fe,0,0,0,1,0,1,0,0
fd8a069503df7f04e11aef922147f5c5,0,0,0,-1,0,-1,-1,0
fd8ffd6d49729bf65d1313a66e5fb3f6,0,0,0,-1,0,-1,-1,0
fd91da2369a9082b1f92b3a041c78f4d,1,1,1,1,1,1,0,0
fdab14cb64f496bcb5f5d80c0b2a564e,0,1,1,1,0,1,-1,0
fdaca8be2b59069b1aa3f066f67fe3ff,1,1,1,1,1,1,0,0
fde88c33a623fbba745a418184cd5b9a,0,0,0,-1,0,-1,-1,0
fdf1d0d65053f660a26ae4177a10ff52,0,0,0,-1,0,-1,-1,0
fe0391869320874d1b6eb8137db901a6,0,0,0,-1,0,-1,-1,0
fe0d5d79e725a2bbe18232b5e8042518,0,0,0,-1,0,-1,-1,0
fe1421d25f9b1a81c9dd20d9a2b1b345,1,1,1,1,1,1,1,0
fe43a914d754badaa3379f20364e69c2,0,0,0,-1,1,-1,-1,0
fe6125458a8a2ee8a62193e8e95f9d41,0,0,0,-1,0,-1,-1,0
fe8625078832c92a0247b68d29c1541b,1,1,1,1,1,1,1,0
fea287acd7dd4cf8894aa93a38225fbe,0,1,1,-1,0,-1,-1,0
fec0ed565af0123be91d1e5db01a61b0,1,1,1,1,1,1,0,0
fed928e72b09a50613bb07d25bfd2c09,0,0,0,-1,1,-1,-1,0
fee44d28d2b6ee9d0db4da3bb62dc443,0,0,0,-1,1,-1,-1,0
feec44c2ad68f817f366e521045294e8,0,0,0,-1,0,-1,-1,0
fef3f39e0423ac97b2b034edcb9a9192,1,1,1,1,1,1,1,0
fef8ec5b6d2350d5f065c25e4da2deab,1,1,1,1,1,1,0,0
ff082ab013c5e3d06593cb4c4777ac22,0,0,0,-1,1,-1,-1,0
ff212626ed8f3d97a314d0335927e1d6,1,1,1,1,1,1,1,0
ff2cf8ef7b1a36a3b672cee3f9d0e575,0,0,0,-1,0,-1,-1,0
ff487b48847bd0a6213b2d2f2d4083e8,1,0,0,-1,1,-1,-1,0
ff68a0f571e5664b1e6cd3b5d87f8fe0,0,1,1,1,0,1,-1,0
ff69ad5028befd597b8fc2dc187a32b2,0,0,0,1,0,1,0,0
ff6a86c849a5aa9f16a0cbde15d1a6c6,1,1,1,1,1,1,1,0
ff6e367c1ba2849e47ab46d8b7db8d3a,1,1,1,1,1,1,1,0
ff71e77aa41c096a6324c549f3fcd0c4,0,0,0,-1,0,-1,-1,0
ff73fc3309392e7c867ed1fd39bd5814,0,0,0,-1,0,-1,-1,0
ff7dd3854b25ba4624624d0bd9255429,0,0,0,-1,0,-1,0,0
ff7e5620e58406d3c01c5787909b5063,0,0,0,-1,1,-1,-1,0
ff8bfaca1a7b329a78c683e723de4072,0,0,0,-1,1,-1,-1,0
ffbc08dc5e8df78ad0153117dab3def1,0,0,0,-1,0,-1,-1,0
ffc4630a287c0fe043eb59df798886a5,1,0,0,-1,0,-1,-1,0
ffd124b21e1bcdc4edbfa164252170bf,0,0,0,-1,0,-1,-1,0
ffdb0ef4fe6c136fa89942def102e64b,0,0,0,-1,0,-1,-1,0
ffdf7623f6676cb112409c5bc74cf158,0,1,1,1,0,1,-1,0